X-Position,Y-Position,Width,Height
----- NEW FRAME -----
tensor(495.6333),tensor(331.8090),tensor(29.5255),tensor(45.0858)
tensor(409.6378),tensor(289.3862),tensor(13.8498),tensor(21.0743)
tensor(52.7166),tensor(327.9263),tensor(30.3689),tensor(40.6726)
tensor(171.0450),tensor(285.7065),tensor(15.1697),tensor(27.2850)
tensor(346.9287),tensor(278.0907),tensor(10.6733),tensor(16.3464)
----- NEW FRAME -----
tensor(495.6412),tensor(331.7830),tensor(29.6404),tensor(45.1296)
tensor(409.6343),tensor(289.3799),tensor(13.8517),tensor(21.0553)
tensor(52.7183),tensor(327.9414),tensor(30.3637),tensor(40.5854)
tensor(171.0519),tensor(285.6783),tensor(15.2106),tensor(27.2740)
tensor(346.9345),tensor(278.0775),tensor(10.6862),tensor(16.3551)
----- NEW FRAME -----
tensor(495.7919),tensor(331.8464),tensor(29.9069),tensor(45.2104)
tensor(409.6788),tensor(289.3609),tensor(13.8963),tensor(20.9591)
tensor(52.6284),tensor(327.8964),tensor(30.4706),tensor(40.5036)
tensor(170.9857),tensor(285.7023),tensor(15.1169),tensor(27.2155)
tensor(346.8862),tensor(278.2351),tensor(10.8606),tensor(16.2856)
----- NEW FRAME -----
tensor(495.7927),tensor(331.8680),tensor(29.7939),tensor(45.2426)
tensor(409.6411),tensor(289.3692),tensor(13.8517),tensor(20.9365)
tensor(52.6731),tensor(327.8820),tensor(30.3689),tensor(40.4404)
tensor(170.9871),tensor(285.7028),tensor(15.0681),tensor(27.1909)
tensor(346.8406),tensor(278.3091),tensor(10.8762),tensor(16.1395)
----- NEW FRAME -----
tensor(495.7205),tensor(331.8243),tensor(29.6364),tensor(45.2313)
tensor(409.6147),tensor(289.3259),tensor(13.8127),tensor(21.1094)
tensor(52.7069),tensor(327.8900),tensor(30.2868),tensor(40.4091)
tensor(170.9821),tensor(285.6841),tensor(15.0627),tensor(27.2311)
tensor(346.8419),tensor(278.3227),tensor(10.8844),tensor(16.1564)
----- NEW FRAME -----
tensor(495.7051),tensor(331.8534),tensor(29.6413),tensor(45.2017)
tensor(409.6742),tensor(289.3362),tensor(13.8575),tensor(21.0156)
tensor(52.7204),tensor(327.8798),tensor(30.3060),tensor(40.4679)
tensor(170.9870),tensor(285.6626),tensor(15.0593),tensor(27.1880)
tensor(346.8374),tensor(278.3186),tensor(10.8813),tensor(16.1424)
----- NEW FRAME -----
tensor(495.7567),tensor(331.9263),tensor(29.7417),tensor(45.1355)
tensor(409.7121),tensor(289.3522),tensor(13.8653),tensor(20.9622)
tensor(52.7020),tensor(327.8563),tensor(30.2752),tensor(40.4872)
tensor(170.9502),tensor(285.6611),tensor(14.9908),tensor(27.2393)
tensor(346.8492),tensor(278.3176),tensor(10.8912),tensor(16.1531)
----- NEW FRAME -----
tensor(495.7564),tensor(331.6647),tensor(29.9397),tensor(45.6945)
tensor(409.6229),tensor(289.3624),tensor(13.9800),tensor(21.1177)
tensor(52.6733),tensor(327.8221),tensor(30.2981),tensor(40.4066)
tensor(170.9408),tensor(285.7635),tensor(14.9244),tensor(27.0850)
tensor(346.8618),tensor(278.3027),tensor(10.9275),tensor(16.1888)
----- NEW FRAME -----
tensor(495.7687),tensor(331.6506),tensor(29.8430),tensor(45.7168)
tensor(409.6367),tensor(289.3712),tensor(13.9432),tensor(21.1032)
tensor(52.6988),tensor(327.8333),tensor(30.2914),tensor(40.3875)
tensor(170.9527),tensor(285.7516),tensor(14.9735),tensor(27.0629)
tensor(346.8546),tensor(278.3363),tensor(10.9381),tensor(16.2418)
----- NEW FRAME -----
tensor(495.7479),tensor(331.5842),tensor(29.9988),tensor(45.8835)
tensor(409.6526),tensor(289.3734),tensor(13.9142),tensor(21.0438)
tensor(52.6856),tensor(327.8216),tensor(30.3740),tensor(40.4369)
tensor(170.9577),tensor(285.7515),tensor(14.9834),tensor(27.0741)
tensor(346.8542),tensor(278.3509),tensor(10.9081),tensor(16.2589)
----- NEW FRAME -----
tensor(496.1255),tensor(332.1584),tensor(30.1488),tensor(44.5547)
tensor(409.3839),tensor(289.2443),tensor(13.6012),tensor(20.8840)
tensor(52.4960),tensor(328.3383),tensor(29.0467),tensor(41.4919)
tensor(170.8980),tensor(285.9409),tensor(15.1479),tensor(27.1984)
tensor(346.8575),tensor(278.5334),tensor(10.8024),tensor(16.6117)
----- NEW FRAME -----
tensor(497.5936),tensor(332.5124),tensor(28.9893),tensor(44.4419)
tensor(409.6530),tensor(289.6067),tensor(14.0674),tensor(21.3724)
tensor(49.1405),tensor(328.7623),tensor(29.9357),tensor(41.6011)
tensor(169.9385),tensor(286.5725),tensor(15.3403),tensor(26.7305)
tensor(346.9021),tensor(278.6193),tensor(10.8019),tensor(16.9179)
----- NEW FRAME -----
tensor(409.7887),tensor(290.2059),tensor(14.2613),tensor(21.9991)
tensor(500.3384),tensor(334.3873),tensor(29.2260),tensor(44.2197)
tensor(44.6991),tensor(330.5467),tensor(30.0154),tensor(44.8103)
tensor(168.1081),tensor(287.1908),tensor(15.7212),tensor(26.7704)
tensor(346.8117),tensor(278.7349),tensor(10.8613),tensor(16.9283)
----- NEW FRAME -----
tensor(501.1265),tensor(334.5506),tensor(29.5005),tensor(44.9635)
tensor(410.1545),tensor(290.2462),tensor(14.4309),tensor(22.1674)
tensor(43.2135),tensor(331.3916),tensor(30.3491),tensor(45.3004)
tensor(167.9227),tensor(287.1441),tensor(16.0632),tensor(26.8170)
tensor(346.9092),tensor(278.8668),tensor(11.0466),tensor(17.0375)
----- NEW FRAME -----
tensor(502.0272),tensor(334.9205),tensor(30.3934),tensor(45.1426)
tensor(41.0406),tensor(331.5131),tensor(32.0052),tensor(45.7488)
tensor(410.2181),tensor(290.2244),tensor(14.3932),tensor(22.4674)
tensor(166.9965),tensor(286.8205),tensor(16.7954),tensor(27.5508)
tensor(346.9059),tensor(278.7332),tensor(11.0621),tensor(16.7855)
----- NEW FRAME -----
tensor(503.1473),tensor(335.8152),tensor(31.0817),tensor(46.4518)
tensor(39.9324),tensor(331.4161),tensor(31.5865),tensor(46.2890)
tensor(410.4326),tensor(290.1685),tensor(14.4100),tensor(22.4515)
tensor(166.7689),tensor(286.8970),tensor(17.0317),tensor(27.7529)
tensor(346.9366),tensor(278.8593),tensor(10.9647),tensor(16.9492)
----- NEW FRAME -----
tensor(503.1655),tensor(335.9470),tensor(31.1047),tensor(46.4163)
tensor(410.4104),tensor(290.1646),tensor(14.4347),tensor(22.4889)
tensor(39.8102),tensor(331.5265),tensor(31.3600),tensor(46.0321)
tensor(166.6730),tensor(286.8212),tensor(17.0289),tensor(27.7772)
tensor(346.9427),tensor(278.8698),tensor(10.9781),tensor(16.9553)
----- NEW FRAME -----
tensor(503.8141),tensor(336.8836),tensor(31.6700),tensor(47.7853)
tensor(410.4216),tensor(290.3163),tensor(14.5594),tensor(22.4031)
tensor(38.6929),tensor(331.8502),tensor(31.6798),tensor(45.5040)
tensor(166.0487),tensor(286.7449),tensor(17.3463),tensor(28.0816)
tensor(346.9447),tensor(278.8428),tensor(11.0307),tensor(16.9650)
----- NEW FRAME -----
tensor(512.2724),tensor(338.7246),tensor(32.6545),tensor(48.9871)
tensor(26.2062),tensor(334.0153),tensor(33.8239),tensor(46.7977)
tensor(412.2917),tensor(290.9703),tensor(15.3289),tensor(22.7849)
tensor(163.4685),tensor(286.8784),tensor(15.8978),tensor(27.7620)
tensor(347.4743),tensor(278.6240),tensor(11.5714),tensor(17.7546)
----- NEW FRAME -----
tensor(532.2889),tensor(349.8141),tensor(36.3777),tensor(55.7229)
tensor(417.1737),tensor(293.1547),tensor(15.2151),tensor(24.2979)
tensor(157.6109),tensor(287.8721),tensor(18.3581),tensor(29.9518)
tensor(9.1891),tensor(341.1154),tensor(18.3782),tensor(48.6569)
----- NEW FRAME -----
tensor(564.6671),tensor(364.0386),tensor(44.3778),tensor(64.0402)
tensor(150.3112),tensor(290.0614),tensor(20.5834),tensor(32.0524)
tensor(423.9528),tensor(295.5281),tensor(16.3885),tensor(24.5973)
----- NEW FRAME -----
tensor(430.8220),tensor(298.0316),tensor(18.7947),tensor(25.9000)
tensor(613.3574),tensor(385.2403),tensor(53.2852),tensor(73.4734)
tensor(134.7625),tensor(296.4323),tensor(19.2083),tensor(24.7756)
tensor(353.1850),tensor(280.8031),tensor(11.0974),tensor(18.6410)
tensor(144.3074),tensor(282.6211),tensor(12.9459),tensor(19.6772)
----- NEW FRAME -----
tensor(440.3030),tensor(301.2625),tensor(18.9243),tensor(29.1630)
tensor(115.2410),tensor(298.2188),tensor(19.5307),tensor(29.6459)
tensor(131.4023),tensor(282.3323),tensor(14.2644),tensor(21.4797)
tensor(354.2964),tensor(280.9830),tensor(12.4548),tensor(19.7244)
----- NEW FRAME -----
tensor(87.9552),tensor(302.1149),tensor(22.7553),tensor(31.7629)
tensor(455.9586),tensor(305.6418),tensor(22.6163),tensor(33.1371)
tensor(115.5415),tensor(282.5731),tensor(15.1686),tensor(21.1125)
tensor(356.3974),tensor(281.8547),tensor(14.6271),tensor(21.3911)
----- NEW FRAME -----
tensor(48.5101),tensor(299.9774),tensor(30.8883),tensor(59.5109)
tensor(476.3635),tensor(310.3879),tensor(24.3457),tensor(40.7861)
tensor(48.4275),tensor(306.8759),tensor(28.7126),tensor(42.5762)
tensor(92.9768),tensor(284.7814),tensor(18.5679),tensor(24.9346)
tensor(357.5471),tensor(283.3380),tensor(16.1930),tensor(24.6444)
----- NEW FRAME -----
tensor(500.2299),tensor(324.4315),tensor(29.4645),tensor(45.1765)
tensor(66.8876),tensor(287.6347),tensor(19.3659),tensor(27.8815)
tensor(360.4755),tensor(287.7014),tensor(15.8320),tensor(25.0419)
tensor(24.7954),tensor(277.8256),tensor(14.7217),tensor(19.9915)
tensor(292.7968),tensor(278.3293),tensor(13.0126),tensor(19.3408)
----- NEW FRAME -----
tensor(531.7598),tensor(341.6907),tensor(36.3145),tensor(55.7683)
tensor(361.8082),tensor(293.9447),tensor(16.4025),tensor(27.6008)
tensor(37.4413),tensor(295.7783),tensor(21.3483),tensor(28.7361)
tensor(37.4403),tensor(287.1683),tensor(21.9941),tensor(48.3075)
tensor(289.2870),tensor(282.4548),tensor(13.0801),tensor(21.0273)
----- NEW FRAME -----
tensor(571.7284),tensor(357.3187),tensor(43.9336),tensor(72.7592)
tensor(363.3430),tensor(299.3916),tensor(17.9572),tensor(30.9827)
tensor(8.7817),tensor(301.3586),tensor(17.5634),tensor(30.0870)
tensor(284.5577),tensor(285.6377),tensor(14.5542),tensor(23.1500)
----- NEW FRAME -----
tensor(367.0009),tensor(304.1843),tensor(20.4776),tensor(33.1779)
tensor(282.7449),tensor(287.8548),tensor(14.1654),tensor(23.8096)
tensor(618.1055),tensor(385.2259),tensor(43.7891),tensor(75.5153)
----- NEW FRAME -----
tensor(376.5409),tensor(307.9930),tensor(21.9745),tensor(35.3939)
tensor(285.7156),tensor(291.2809),tensor(16.9092),tensor(25.2239)
----- NEW FRAME -----
tensor(398.6019),tensor(312.7170),tensor(23.8647),tensor(36.0177)
tensor(299.9226),tensor(293.4631),tensor(16.8782),tensor(26.2054)
tensor(189.0491),tensor(283.0423),tensor(14.8868),tensor(20.9498)
----- NEW FRAME -----
tensor(435.5708),tensor(318.7571),tensor(26.6758),tensor(39.7756)
tensor(325.9717),tensor(296.5613),tensor(18.9285),tensor(25.9803)
tensor(212.7719),tensor(283.8788),tensor(14.9963),tensor(21.0219)
----- NEW FRAME -----
tensor(478.6153),tensor(324.5463),tensor(27.9138),tensor(40.8496)
tensor(357.1091),tensor(298.5953),tensor(19.2523),tensor(28.5229)
----- NEW FRAME -----
tensor(514.5285),tensor(331.3915),tensor(31.8882),tensor(47.0095)
tensor(378.9546),tensor(301.4093),tensor(19.1132),tensor(29.5730)
tensor(89.5538),tensor(279.0223),tensor(12.6513),tensor(17.0319)
----- NEW FRAME -----
tensor(544.2346),tensor(338.4575),tensor(33.6260),tensor(49.8896)
tensor(394.1771),tensor(304.8878),tensor(19.6355),tensor(31.2756)
tensor(266.8211),tensor(287.5300),tensor(14.5091),tensor(22.6539)
----- NEW FRAME -----
tensor(401.4440),tensor(307.6478),tensor(20.4592),tensor(31.9206)
tensor(567.0304),tensor(346.3248),tensor(35.9834),tensor(53.5247)
tensor(268.2054),tensor(289.5720),tensor(15.8849),tensor(24.1810)
tensor(95.4582),tensor(279.0536),tensor(12.1719),tensor(18.6904)
----- NEW FRAME -----
tensor(408.4849),tensor(310.5158),tensor(21.7664),tensor(35.0524)
tensor(594.4108),tensor(353.9990),tensor(40.8372),tensor(57.2617)
tensor(268.7139),tensor(291.4867),tensor(16.2203),tensor(23.7690)
tensor(91.1797),tensor(280.8726),tensor(13.0753),tensor(18.3546)
----- NEW FRAME -----
tensor(624.6207),tensor(366.9042),tensor(30.7585),tensor(65.1213)
tensor(419.3828),tensor(315.2150),tensor(23.6219),tensor(36.5609)
tensor(270.6266),tensor(294.2191),tensor(16.6689),tensor(23.7455)
tensor(89.3366),tensor(282.1192),tensor(12.7392),tensor(18.9620)
----- NEW FRAME -----
tensor(430.9901),tensor(319.8635),tensor(24.9862),tensor(38.5870)
tensor(272.7524),tensor(296.1612),tensor(16.1459),tensor(24.9697)
tensor(85.5160),tensor(285.0269),tensor(15.2338),tensor(20.4470)
tensor(178.8367),tensor(287.3046),tensor(13.3159),tensor(21.9083)
----- NEW FRAME -----
tensor(454.4149),tensor(325.7174),tensor(26.7603),tensor(41.7200)
tensor(281.7710),tensor(297.5323),tensor(16.4402),tensor(27.2762)
tensor(90.4462),tensor(284.6914),tensor(13.7892),tensor(20.1851)
tensor(185.5699),tensor(288.0478),tensor(13.6467),tensor(21.9362)
----- NEW FRAME -----
tensor(485.2939),tensor(334.4715),tensor(30.2438),tensor(46.4935)
tensor(293.0117),tensor(299.5212),tensor(18.0898),tensor(28.5143)
tensor(192.6785),tensor(289.1761),tensor(14.7122),tensor(22.9124)
----- NEW FRAME -----
tensor(510.1036),tensor(345.3036),tensor(35.8859),tensor(53.7974)
tensor(294.1043),tensor(304.2678),tensor(19.6965),tensor(31.9421)
tensor(188.5562),tensor(292.7786),tensor(15.8786),tensor(25.3221)
tensor(88.5470),tensor(287.2294),tensor(12.9733),tensor(22.3197)
----- NEW FRAME -----
tensor(536.6336),tensor(358.2125),tensor(40.0638),tensor(59.3266)
tensor(292.5825),tensor(307.2430),tensor(20.7733),tensor(33.3413)
----- NEW FRAME -----
tensor(577.9562),tensor(376.5063),tensor(47.0051),tensor(67.7109)
tensor(293.9941),tensor(311.6821),tensor(21.9761),tensor(35.3976)
tensor(176.9880),tensor(297.1672),tensor(16.5949),tensor(26.3231)
tensor(68.5587),tensor(291.3811),tensor(16.9397),tensor(22.5088)
----- NEW FRAME -----
tensor(305.2505),tensor(318.4338),tensor(24.1770),tensor(39.3336)
tensor(181.6828),tensor(300.5807),tensor(19.4049),tensor(28.2496)
----- NEW FRAME -----
tensor(331.4236),tensor(325.0029),tensor(26.0134),tensor(43.0201)
tensor(200.2231),tensor(303.9808),tensor(19.0665),tensor(29.2209)
----- NEW FRAME -----
tensor(371.0590),tensor(331.6406),tensor(27.9977),tensor(46.1124)
tensor(228.4900),tensor(305.0040),tensor(20.5984),tensor(31.1345)
tensor(113.0120),tensor(295.1933),tensor(17.2569),tensor(24.8438)
----- NEW FRAME -----
tensor(416.5922),tensor(339.9798),tensor(32.8398),tensor(50.4232)
tensor(257.3899),tensor(306.5300),tensor(20.7860),tensor(32.4901)
tensor(139.6379),tensor(295.6401),tensor(17.5755),tensor(26.8035)
----- NEW FRAME -----
tensor(475.4839),tensor(353.3606),tensor(37.5189),tensor(55.5913)
tensor(290.3133),tensor(310.1050),tensor(22.6585),tensor(36.1005)
tensor(167.9624),tensor(297.2431),tensor(19.1198),tensor(27.3036)
----- NEW FRAME -----
tensor(547.3120),tensor(369.8781),tensor(46.9774),tensor(65.4930)
tensor(198.6626),tensor(297.7947),tensor(19.8079),tensor(27.6857)
tensor(326.2182),tensor(313.7077),tensor(21.6854),tensor(34.1514)
----- NEW FRAME -----
tensor(362.8457),tensor(319.1620),tensor(25.0001),tensor(38.8824)
tensor(225.5326),tensor(298.9907),tensor(19.6296),tensor(30.1060)
tensor(104.2579),tensor(286.7619),tensor(16.5432),tensor(23.7646)
tensor(626.8500),tensor(388.2383),tensor(26.3001),tensor(78.5474)
----- NEW FRAME -----
tensor(407.5539),tensor(327.0630),tensor(27.5392),tensor(44.3357)
tensor(256.8990),tensor(302.6552),tensor(21.1338),tensor(32.3500)
tensor(133.1111),tensor(288.0246),tensor(17.4862),tensor(24.1686)
----- NEW FRAME -----
tensor(457.8927),tensor(337.9937),tensor(32.3228),tensor(50.0571)
tensor(287.7500),tensor(306.6863),tensor(21.4045),tensor(34.1946)
tensor(159.3855),tensor(289.5364),tensor(17.7208),tensor(25.6970)
tensor(42.1665),tensor(275.2570),tensor(13.8074),tensor(18.3635)
----- NEW FRAME -----
tensor(505.8337),tensor(350.8781),tensor(37.0873),tensor(55.5509)
tensor(177.6768),tensor(292.2346),tensor(16.7206),tensor(27.6196)
tensor(310.9388),tensor(312.5876),tensor(22.7365),tensor(35.3024)
----- NEW FRAME -----
tensor(334.4144),tensor(319.8459),tensor(25.2551),tensor(38.6882)
tensor(564.4968),tensor(368.2841),tensor(43.9769),tensor(61.1076)
tensor(191.7553),tensor(296.9942),tensor(18.4600),tensor(26.7413)
tensor(75.0660),tensor(276.6619),tensor(14.1194),tensor(22.8340)
----- NEW FRAME -----
tensor(208.5313),tensor(299.5841),tensor(18.8251),tensor(29.7020)
tensor(361.3489),tensor(328.5159),tensor(27.4418),tensor(44.8051)
tensor(90.6901),tensor(277.6912),tensor(14.4825),tensor(24.8219)
tensor(629.8728),tensor(389.4349),tensor(20.2544),tensor(72.4643)
----- NEW FRAME -----
tensor(394.1467),tensor(339.3093),tensor(30.8846),tensor(48.1825)
tensor(225.8083),tensor(305.2318),tensor(20.0401),tensor(32.2656)
tensor(106.4557),tensor(279.3186),tensor(13.9706),tensor(25.7653)
----- NEW FRAME -----
tensor(252.7380),tensor(310.4928),tensor(21.6972),tensor(34.8689)
tensor(447.9052),tensor(352.1897),tensor(34.5808),tensor(51.7960)
tensor(131.0047),tensor(281.8836),tensor(15.4032),tensor(27.4966)
----- NEW FRAME -----
tensor(285.3626),tensor(313.8771),tensor(22.2975),tensor(37.0385)
tensor(527.2511),tensor(374.5923),tensor(39.9236),tensor(67.8840)
tensor(160.5350),tensor(280.9410),tensor(16.9357),tensor(29.5837)
----- NEW FRAME -----
tensor(326.6709),tensor(319.1926),tensor(24.8806),tensor(39.2576)
tensor(193.7993),tensor(281.3133),tensor(15.6660),tensor(30.2838)
----- NEW FRAME -----
tensor(401.9813),tensor(328.5976),tensor(28.9811),tensor(44.2241)
tensor(249.3398),tensor(280.1454),tensor(15.8168),tensor(31.5001)
----- NEW FRAME -----
tensor(497.2875),tensor(343.3354),tensor(36.8813),tensor(54.9683)
tensor(10.0586),tensor(291.1421),tensor(20.1172),tensor(30.7910)
tensor(306.8778),tensor(281.3702),tensor(18.5168),tensor(35.1247)
----- NEW FRAME -----
tensor(617.3657),tensor(368.7801),tensor(45.2687),tensor(68.3000)
tensor(55.7468),tensor(297.5474),tensor(21.1907),tensor(27.6471)
tensor(364.0931),tensor(285.5205),tensor(20.0909),tensor(38.9749)
----- NEW FRAME -----
tensor(91.0270),tensor(301.1034),tensor(22.2663),tensor(29.9808)
tensor(416.2833),tensor(296.9702),tensor(18.8480),tensor(28.2391)
tensor(151.1454),tensor(282.3384),tensor(15.3712),tensor(19.0964)
----- NEW FRAME -----
tensor(77.5398),tensor(308.9465),tensor(24.2912),tensor(34.5239)
tensor(434.1632),tensor(304.6306),tensor(19.7258),tensor(33.6146)
tensor(149.0792),tensor(286.4230),tensor(16.3797),tensor(21.1583)
tensor(419.2200),tensor(280.6605),tensor(11.8865),tensor(17.0831)
tensor(406.4711),tensor(288.0482),tensor(14.7360),tensor(21.9725)
----- NEW FRAME -----
tensor(440.9750),tensor(308.7894),tensor(22.4489),tensor(35.4359)
tensor(46.5774),tensor(316.0738),tensor(26.6249),tensor(38.2920)
tensor(409.9927),tensor(289.6647),tensor(14.7146),tensor(22.9269)
tensor(133.5146),tensor(288.3690),tensor(17.7176),tensor(23.9772)
----- NEW FRAME -----
tensor(14.2056),tensor(322.5541),tensor(28.4112),tensor(43.5667)
tensor(450.2859),tensor(313.3298),tensor(24.0762),tensor(35.7558)
tensor(119.1153),tensor(289.5662),tensor(18.0759),tensor(25.3541)
tensor(412.4467),tensor(291.7876),tensor(16.4161),tensor(25.0627)
tensor(449.2589),tensor(275.9586),tensor(10.6516),tensor(16.1022)
----- NEW FRAME -----
tensor(459.5667),tensor(318.6271),tensor(25.5876),tensor(39.3595)
tensor(102.8832),tensor(293.3511),tensor(18.8259),tensor(26.0314)
tensor(415.7867),tensor(294.0873),tensor(17.3398),tensor(24.9341)
tensor(426.1044),tensor(283.3862),tensor(12.1282),tensor(18.7041)
tensor(450.8525),tensor(276.9123),tensor(10.6970),tensor(16.3257)
tensor(182.9379),tensor(284.0013),tensor(12.7771),tensor(16.8102)
----- NEW FRAME -----
tensor(470.4324),tensor(325.0455),tensor(28.0323),tensor(43.0188)
tensor(419.9955),tensor(295.4023),tensor(18.1493),tensor(26.9822)
tensor(86.4432),tensor(296.7534),tensor(19.5292),tensor(25.2382)
tensor(454.6500),tensor(277.2320),tensor(10.3539),tensor(16.8352)
tensor(429.1131),tensor(283.6599),tensor(12.1254),tensor(20.2549)
tensor(173.9207),tensor(284.4581),tensor(13.9850),tensor(17.9921)
----- NEW FRAME -----
tensor(485.7130),tensor(333.1126),tensor(32.0333),tensor(47.2839)
tensor(423.9828),tensor(298.5449),tensor(18.2883),tensor(29.8206)
tensor(68.6465),tensor(301.5194),tensor(20.4065),tensor(25.9127)
tensor(458.2917),tensor(278.5537),tensor(11.6221),tensor(16.4958)
tensor(165.1160),tensor(286.4828),tensor(15.1864),tensor(20.9938)
tensor(433.4320),tensor(286.2723),tensor(12.0021),tensor(20.6091)
----- NEW FRAME -----
tensor(505.4889),tensor(345.8084),tensor(36.3616),tensor(53.5920)
tensor(45.3477),tensor(306.6622),tensor(23.1327),tensor(31.2993)
tensor(154.1375),tensor(290.1303),tensor(13.6148),tensor(21.1868)
tensor(432.1477),tensor(295.7870),tensor(21.6132),tensor(33.8394)
tensor(430.8285),tensor(300.8951),tensor(21.4141),tensor(37.1791)
tensor(435.5078),tensor(288.9895),tensor(15.9603),tensor(20.6219)
tensor(462.5785),tensor(281.3502),tensor(13.0289),tensor(18.4926)
----- NEW FRAME -----
tensor(537.3275),tensor(363.6389),tensor(41.5038),tensor(64.1641)
tensor(440.9584),tensor(304.8815),tensor(22.3400),tensor(46.8057)
tensor(21.2797),tensor(312.9969),tensor(23.8195),tensor(33.8088)
tensor(144.7739),tensor(293.8181),tensor(14.7162),tensor(23.8157)
tensor(441.2717),tensor(293.8048),tensor(21.5361),tensor(25.1125)
tensor(490.3210),tensor(275.5352),tensor(10.5938),tensor(14.9776)
----- NEW FRAME -----
tensor(581.0079),tensor(388.5849),tensor(45.7512),tensor(75.9589)
tensor(453.1774),tensor(311.6963),tensor(24.9828),tensor(52.1302)
tensor(132.2028),tensor(296.5630),tensor(18.0978),tensor(25.1456)
tensor(252.5202),tensor(284.6448),tensor(12.1591),tensor(17.7395)
tensor(498.3477),tensor(279.2026),tensor(11.0037),tensor(15.0563)
tensor(452.9062),tensor(297.6272),tensor(18.1533),tensor(25.2762)
----- NEW FRAME -----
tensor(470.4127),tensor(317.1981),tensor(28.1101),tensor(59.3398)
tensor(119.6109),tensor(301.9119),tensor(18.6893),tensor(26.1665)
tensor(490.6368),tensor(289.1740),tensor(13.6772),tensor(19.6211)
tensor(467.9310),tensor(301.1696),tensor(19.6388),tensor(26.6726)
tensor(251.2289),tensor(286.2039),tensor(12.9535),tensor(20.0645)
tensor(470.8531),tensor(324.3761),tensor(26.3033),tensor(43.2453)
tensor(470.9318),tensor(302.5224),tensor(26.3365),tensor(30.3273)
----- NEW FRAME -----
tensor(493.2552),tensor(338.2618),tensor(30.4272),tensor(48.2880)
tensor(481.1152),tensor(306.5178),tensor(20.8192),tensor(29.2869)
tensor(103.8976),tensor(306.9489),tensor(21.1484),tensor(30.6089)
tensor(249.1126),tensor(288.2777),tensor(13.1619),tensor(20.8994)
tensor(503.1256),tensor(293.0871),tensor(14.7993),tensor(21.1788)
----- NEW FRAME -----
tensor(80.6867),tensor(315.5933),tensor(22.2536),tensor(31.9426)
tensor(518.5594),tensor(351.2225),tensor(34.6074),tensor(52.8243)
tensor(493.4387),tensor(313.1109),tensor(22.1423),tensor(32.8918)
tensor(513.9059),tensor(295.5897),tensor(14.8562),tensor(23.0299)
tensor(242.4132),tensor(294.1086),tensor(13.0120),tensor(20.7488)
----- NEW FRAME -----
tensor(552.8927),tensor(370.6810),tensor(43.3096),tensor(65.3757)
tensor(53.8241),tensor(322.3774),tensor(24.7884),tensor(34.2189)
tensor(508.3673),tensor(319.8184),tensor(23.5233),tensor(37.3793)
tensor(234.7100),tensor(296.8838),tensor(13.8418),tensor(21.9729)
tensor(525.6117),tensor(299.5994),tensor(17.3756),tensor(25.2314)
----- NEW FRAME -----
tensor(19.0464),tensor(327.3729),tensor(28.7877),tensor(39.4064)
tensor(601.8542),tensor(388.6982),tensor(41.2219),tensor(58.0067)
tensor(527.7209),tensor(327.6342),tensor(24.8567),tensor(38.3710)
tensor(226.7960),tensor(297.8890),tensor(14.8801),tensor(21.4858)
----- NEW FRAME -----
tensor(222.3599),tensor(300.9055),tensor(17.5265),tensor(24.6772)
tensor(559.9532),tensor(337.1532),tensor(29.8716),tensor(41.0945)
tensor(314.0493),tensor(285.5247),tensor(12.5479),tensor(22.7412)
tensor(559.5706),tensor(318.1136),tensor(30.7434),tensor(80.8328)
tensor(564.2079),tensor(301.0862),tensor(21.2131),tensor(42.4711)
----- NEW FRAME -----
tensor(218.3900),tensor(302.6936),tensor(18.7675),tensor(27.8622)
tensor(602.8502),tensor(346.9607),tensor(35.7996),tensor(50.9867)
tensor(317.4493),tensor(285.9035),tensor(14.7121),tensor(23.9792)
tensor(591.6373),tensor(303.2574),tensor(25.2839),tensor(47.4285)
tensor(403.0928),tensor(272.3604),tensor(9.4277),tensor(13.9681)
----- NEW FRAME -----
tensor(626.0337),tensor(318.6344),tensor(26.6606),tensor(38.4696)
tensor(211.1971),tensor(307.1466),tensor(19.6910),tensor(30.5356)
tensor(319.3683),tensor(288.8082),tensor(14.6357),tensor(22.6176)
tensor(615.7272),tensor(289.7069),tensor(24.4624),tensor(34.6479)
tensor(378.9998),tensor(273.6785),tensor(11.6189),tensor(27.2305)
tensor(408.6901),tensor(273.1343),tensor(10.4236),tensor(15.9711)
tensor(579.4299),tensor(273.0406),tensor(10.3158),tensor(14.6092)
----- NEW FRAME -----
tensor(196.9336),tensor(312.0485),tensor(22.6404),tensor(34.2763)
tensor(631.0156),tensor(288.7696),tensor(17.9687),tensor(37.6239)
tensor(317.3009),tensor(288.4736),tensor(16.1080),tensor(24.4851)
tensor(380.0921),tensor(272.8691),tensor(11.2444),tensor(25.1750)
----- NEW FRAME -----
tensor(175.8899),tensor(314.7290),tensor(23.6360),tensor(37.7236)
tensor(312.2494),tensor(287.7744),tensor(16.6390),tensor(25.0208)
tensor(410.2766),tensor(268.0087),tensor(10.6262),tensor(17.3334)
----- NEW FRAME -----
tensor(149.1054),tensor(322.2181),tensor(28.7337),tensor(42.9318)
tensor(306.0275),tensor(289.0906),tensor(16.0890),tensor(26.3977)
tensor(409.8273),tensor(267.3823),tensor(11.1193),tensor(17.1967)
----- NEW FRAME -----
tensor(113.4094),tensor(331.0139),tensor(34.6833),tensor(50.4159)
tensor(300.0428),tensor(290.9534),tensor(19.5223),tensor(30.3016)
tensor(410.1151),tensor(266.9766),tensor(11.4017),tensor(18.5062)
tensor(377.8352),tensor(276.0760),tensor(12.8657),tensor(19.4930)
----- NEW FRAME -----
tensor(44.0314),tensor(350.4981),tensor(49.1844),tensor(61.8357)
tensor(278.6825),tensor(297.5993),tensor(20.5339),tensor(29.1478)
tensor(398.8058),tensor(269.1572),tensor(14.0394),tensor(18.9164)
tensor(364.8142),tensor(278.4553),tensor(15.9584),tensor(21.9691)
----- NEW FRAME -----
tensor(245.6783),tensor(304.4251),tensor(23.2988),tensor(33.7446)
tensor(378.2702),tensor(270.6889),tensor(12.6609),tensor(20.2103)
tensor(342.9515),tensor(281.7555),tensor(16.0507),tensor(22.1854)
----- NEW FRAME -----
tensor(194.3066),tensor(314.0920),tensor(28.9679),tensor(40.5813)
tensor(348.9000),tensor(274.9871),tensor(14.6201),tensor(21.3468)
tensor(309.8070),tensor(287.5750),tensor(18.4141),tensor(23.9573)
tensor(193.7608),tensor(324.3614),tensor(27.9032),tensor(20.4009)
----- NEW FRAME -----
tensor(111.3918),tensor(329.8789),tensor(38.0338),tensor(49.6756)
tensor(260.5843),tensor(291.9776),tensor(20.7866),tensor(28.5591)
tensor(625.5500),tensor(299.2502),tensor(20.8660),tensor(30.1909)
tensor(306.0988),tensor(278.9642),tensor(13.4420),tensor(22.5464)
----- NEW FRAME -----
tensor(199.1094),tensor(296.5620),tensor(21.9961),tensor(27.2571)
tensor(11.0023),tensor(342.7297),tensor(22.0046),tensor(56.9756)
tensor(256.5861),tensor(279.4637),tensor(15.7641),tensor(24.9928)
tensor(588.1857),tensor(302.9550),tensor(22.2800),tensor(33.6464)
----- NEW FRAME -----
tensor(140.5636),tensor(304.1470),tensor(24.6035),tensor(35.6861)
tensor(213.9485),tensor(282.6722),tensor(18.5844),tensor(28.4898)
tensor(564.7693),tensor(305.6466),tensor(22.4537),tensor(34.4290)
----- NEW FRAME -----
tensor(92.1158),tensor(310.3662),tensor(27.2933),tensor(38.3878)
tensor(564.4200),tensor(310.8940),tensor(23.5314),tensor(37.5051)
tensor(184.0624),tensor(284.3510),tensor(20.5099),tensor(31.7430)
tensor(444.0701),tensor(285.0152),tensor(14.2509),tensor(22.7727)
----- NEW FRAME -----
tensor(42.2228),tensor(323.2115),tensor(33.2036),tensor(45.5422)
tensor(575.6163),tensor(317.7996),tensor(25.3833),tensor(39.9862)
tensor(157.2996),tensor(294.3928),tensor(19.7177),tensor(26.1620)
----- NEW FRAME -----
tensor(598.5536),tensor(327.3961),tensor(28.7588),tensor(42.1324)
tensor(132.9874),tensor(299.5518),tensor(20.3373),tensor(28.8257)
tensor(125.0000),tensor(274.3220),tensor(13.6429),tensor(25.2849)
tensor(440.8284),tensor(291.1667),tensor(15.8171),tensor(24.5979)
tensor(4.7017),tensor(351.3983),tensor(9.4034),tensor(10.7850)
----- NEW FRAME -----
tensor(626.4042),tensor(339.3610),tensor(27.1915),tensor(47.4196)
tensor(105.7811),tensor(296.6234),tensor(25.7022),tensor(51.2769)
tensor(129.6355),tensor(289.0496),tensor(15.3183),tensor(22.4550)
tensor(105.3639),tensor(301.4618),tensor(23.0801),tensor(39.9596)
tensor(442.4674),tensor(294.4397),tensor(15.6244),tensor(25.1654)
----- NEW FRAME -----
tensor(72.5651),tensor(312.0589),tensor(26.5350),tensor(35.6638)
tensor(444.4780),tensor(298.8781),tensor(18.2509),tensor(28.4675)
tensor(106.3820),tensor(294.4973),tensor(17.9127),tensor(23.7880)
----- NEW FRAME -----
tensor(33.1463),tensor(320.5629),tensor(30.9874),tensor(40.7253)
tensor(80.8105),tensor(299.0873),tensor(19.3976),tensor(26.6271)
tensor(448.1068),tensor(304.1717),tensor(19.5917),tensor(32.7110)
tensor(330.8987),tensor(287.1302),tensor(12.8781),tensor(21.5183)
tensor(63.7837),tensor(286.2549),tensor(15.3905),tensor(22.2363)
tensor(80.8146),tensor(290.4481),tensor(20.0364),tensor(44.3954)
----- NEW FRAME -----
tensor(46.8161),tensor(305.1576),tensor(21.8157),tensor(29.3659)
tensor(323.1536),tensor(290.7169),tensor(13.8589),tensor(23.1853)
tensor(451.5103),tensor(308.5875),tensor(21.1581),tensor(35.4177)
tensor(35.4914),tensor(291.5470),tensor(15.4826),tensor(21.5637)
----- NEW FRAME -----
tensor(465.1485),tensor(318.4769),tensor(22.7546),tensor(37.1454)
tensor(15.3868),tensor(304.7552),tensor(25.5927),tensor(46.5311)
tensor(322.3089),tensor(295.0909),tensor(14.4152),tensor(24.0966)
----- NEW FRAME -----
tensor(498.7465),tensor(327.8677),tensor(26.1934),tensor(40.2844)
tensor(333.7874),tensor(299.6694),tensor(17.3431),tensor(25.4795)
tensor(5.2402),tensor(299.6898),tensor(10.4803),tensor(26.1650)
tensor(5.4525),tensor(310.5038),tensor(10.9051),tensor(47.3893)
tensor(5.8169),tensor(326.7747),tensor(11.6338),tensor(22.3277)
tensor(233.2954),tensor(285.7993),tensor(11.8316),tensor(19.4502)
tensor(5.7540),tensor(320.7288),tensor(11.5079),tensor(33.6960)
----- NEW FRAME -----
tensor(542.0432),tensor(340.6382),tensor(31.9132),tensor(47.3291)
tensor(348.7827),tensor(305.4103),tensor(18.8213),tensor(27.1281)
tensor(240.9552),tensor(289.4376),tensor(11.4949),tensor(19.2206)
----- NEW FRAME -----
tensor(606.3008),tensor(358.7581),tensor(38.8999),tensor(55.9484)
tensor(371.1660),tensor(308.3828),tensor(18.6655),tensor(30.8524)
tensor(254.9577),tensor(288.7618),tensor(13.5462),tensor(21.6512)
----- NEW FRAME -----
tensor(404.1608),tensor(312.0435),tensor(21.6284),tensor(33.3704)
tensor(275.3588),tensor(287.9554),tensor(14.3542),tensor(23.5706)
----- NEW FRAME -----
tensor(445.3413),tensor(315.6419),tensor(24.1931),tensor(36.7949)
tensor(300.5483),tensor(287.2222),tensor(16.1494),tensor(23.0853)
tensor(5.0744),tensor(307.4040),tensor(10.1488),tensor(29.1929)
----- NEW FRAME -----
tensor(492.5403),tensor(324.4532),tensor(27.9202),tensor(43.3358)
tensor(324.6587),tensor(287.9776),tensor(18.5033),tensor(25.0177)
tensor(6.5606),tensor(301.7385),tensor(13.1212),tensor(46.4402)
tensor(226.3993),tensor(275.7471),tensor(10.6268),tensor(17.6102)
tensor(58.7538),tensor(266.1042),tensor(10.9522),tensor(14.8037)
tensor(3.9424),tensor(297.4708),tensor(7.8848),tensor(41.4119)
tensor(128.4133),tensor(268.8045),tensor(10.7571),tensor(15.1849)
----- NEW FRAME -----
tensor(549.5431),tensor(338.8998),tensor(34.3728),tensor(48.2880)
tensor(348.3307),tensor(293.7808),tensor(18.5289),tensor(28.0052)
tensor(4.6277),tensor(321.6446),tensor(9.2555),tensor(24.6567)
tensor(243.3165),tensor(279.0137),tensor(12.1589),tensor(20.0886)
tensor(7.2876),tensor(279.6124),tensor(14.5752),tensor(47.3282)
tensor(7.1361),tensor(285.8208),tensor(14.2721),tensor(32.5040)
tensor(145.4863),tensor(271.4823),tensor(11.7851),tensor(16.4266)
tensor(74.6309),tensor(268.1686),tensor(11.2838),tensor(15.6722)
----- NEW FRAME -----
tensor(619.8457),tensor(357.0533),tensor(39.8760),tensor(58.1097)
tensor(8.3323),tensor(292.2129),tensor(16.6647),tensor(26.4212)
tensor(373.3680),tensor(298.7770),tensor(20.1503),tensor(29.5634)
tensor(260.1787),tensor(280.7979),tensor(13.7604),tensor(20.0019)
tensor(89.3998),tensor(268.7602),tensor(11.0119),tensor(14.9345)
----- NEW FRAME -----
tensor(8.8152),tensor(297.3781),tensor(17.6303),tensor(30.0671)
tensor(402.8932),tensor(305.4736),tensor(20.9598),tensor(33.6265)
tensor(279.8772),tensor(285.3063),tensor(13.1836),tensor(23.9084)
----- NEW FRAME -----
tensor(438.8545),tensor(312.8143),tensor(23.7648),tensor(36.1769)
tensor(9.5392),tensor(299.8578),tensor(19.0783),tensor(31.0813)
tensor(298.4084),tensor(285.9446),tensor(13.8367),tensor(24.8610)
tensor(118.1808),tensor(271.3002),tensor(11.4420),tensor(16.6373)
tensor(189.3139),tensor(275.7741),tensor(13.5961),tensor(18.3024)
----- NEW FRAME -----
tensor(484.3864),tensor(321.6568),tensor(30.3466),tensor(41.4140)
tensor(7.9448),tensor(304.6180),tensor(15.8896),tensor(34.5337)
tensor(319.4589),tensor(288.8146),tensor(16.8275),tensor(26.0714)
tensor(132.2596),tensor(271.3680),tensor(12.2185),tensor(16.6871)
tensor(204.8852),tensor(276.3309),tensor(13.7021),tensor(18.6748)
----- NEW FRAME -----
tensor(542.5811),tensor(335.6938),tensor(34.8503),tensor(50.1562)
tensor(343.1061),tensor(293.6046),tensor(18.0082),tensor(26.9592)
tensor(6.1745),tensor(312.2936),tensor(12.3489),tensor(34.0049)
tensor(147.2780),tensor(272.9300),tensor(11.4287),tensor(15.9602)
tensor(221.1403),tensor(277.9410),tensor(13.5966),tensor(19.6932)
----- NEW FRAME -----
tensor(621.4832),tensor(356.3099),tensor(37.0336),tensor(59.0373)
tensor(370.9581),tensor(299.5936),tensor(18.4345),tensor(29.4587)
tensor(239.2267),tensor(281.6743),tensor(14.2264),tensor(21.7864)
----- NEW FRAME -----
tensor(405.2430),tensor(309.7164),tensor(22.3345),tensor(35.3014)
tensor(259.2802),tensor(286.8539),tensor(14.8130),tensor(23.4384)
----- NEW FRAME -----
tensor(446.0383),tensor(322.4538),tensor(24.6814),tensor(38.4375)
tensor(280.3329),tensor(291.7369),tensor(15.7292),tensor(25.5564)
tensor(199.6997),tensor(282.9456),tensor(12.4630),tensor(18.7252)
----- NEW FRAME -----
tensor(502.4806),tensor(331.9675),tensor(31.8373),tensor(44.0389)
tensor(305.9391),tensor(293.5928),tensor(16.4622),tensor(26.8257)
tensor(220.6678),tensor(283.5642),tensor(13.9218),tensor(20.1351)
tensor(3.0246),tensor(318.6407),tensor(6.0492),tensor(11.6439)
----- NEW FRAME -----
tensor(575.3860),tensor(345.7153),tensor(38.0500),tensor(53.8837)
tensor(333.6934),tensor(294.6997),tensor(19.8563),tensor(28.5065)
tensor(242.7355),tensor(281.8510),tensor(13.7188),tensor(20.6526)
----- NEW FRAME -----
tensor(364.5789),tensor(299.6688),tensor(20.2148),tensor(30.1705)
tensor(265.0806),tensor(283.8163),tensor(14.8026),tensor(21.5715)
----- NEW FRAME -----
tensor(395.2729),tensor(309.7881),tensor(23.4480),tensor(35.2804)
tensor(282.6414),tensor(289.9161),tensor(15.5148),tensor(24.8423)
tensor(196.9445),tensor(281.2439),tensor(14.2756),tensor(19.0931)
----- NEW FRAME -----
tensor(433.8734),tensor(322.7138),tensor(26.7692),tensor(39.3627)
tensor(302.9908),tensor(297.4731),tensor(18.3823),tensor(25.7463)
tensor(212.8082),tensor(286.5175),tensor(13.7235),tensor(20.9980)
----- NEW FRAME -----
tensor(484.0050),tensor(335.0835),tensor(32.8927),tensor(47.7006)
tensor(326.9442),tensor(301.6656),tensor(18.0458),tensor(26.9923)
tensor(229.7212),tensor(288.0229),tensor(15.3364),tensor(20.7380)
----- NEW FRAME -----
tensor(553.9792),tensor(351.3981),tensor(40.5604),tensor(56.2792)
tensor(354.9880),tensor(305.2806),tensor(20.6501),tensor(33.2880)
tensor(249.0265),tensor(288.2239),tensor(14.7166),tensor(23.0509)
----- NEW FRAME -----
tensor(389.3289),tensor(312.3728),tensor(23.7623),tensor(35.8198)
tensor(269.6716),tensor(290.4583),tensor(17.5202),tensor(25.0495)
tensor(171.4620),tensor(281.2546),tensor(13.9603),tensor(19.8805)
----- NEW FRAME -----
tensor(441.3261),tensor(323.9413),tensor(29.1033),tensor(42.3947)
tensor(300.1688),tensor(295.6609),tensor(17.8474),tensor(26.6536)
----- NEW FRAME -----
tensor(512.1100),tensor(339.7490),tensor(34.6907),tensor(49.1879)
tensor(335.7516),tensor(301.2468),tensor(18.6700),tensor(29.2790)
tensor(225.7713),tensor(286.7258),tensor(14.5939),tensor(22.9662)
----- NEW FRAME -----
tensor(376.1571),tensor(307.8190),tensor(21.2086),tensor(32.4204)
tensor(612.0344),tensor(362.6293),tensor(47.9536),tensor(67.6664)
tensor(252.2754),tensor(289.9742),tensor(16.4202),tensor(23.3135)
----- NEW FRAME -----
tensor(423.4344),tensor(318.1103),tensor(26.4910),tensor(38.0963)
tensor(281.0097),tensor(294.0692),tensor(15.9117),tensor(24.6194)
----- NEW FRAME -----
tensor(482.3101),tensor(331.6087),tensor(31.5260),tensor(46.4211)
tensor(309.8236),tensor(298.1065),tensor(18.5269),tensor(28.9077)
----- NEW FRAME -----
tensor(576.9933),tensor(353.1544),tensor(41.5935),tensor(58.9755)
tensor(350.5024),tensor(304.7639),tensor(21.1147),tensor(31.0756)
tensor(221.5962),tensor(288.1158),tensor(16.7704),tensor(22.5433)
----- NEW FRAME -----
tensor(421.8728),tensor(313.5900),tensor(24.9858),tensor(35.7161)
tensor(273.3198),tensor(290.3525),tensor(16.3717),tensor(23.6724)
----- NEW FRAME -----
tensor(11.6886),tensor(306.0781),tensor(23.3772),tensor(36.0087)
tensor(525.8699),tensor(330.1321),tensor(32.2343),tensor(46.8038)
tensor(14.1882),tensor(352.2640),tensor(28.3763),tensor(64.1636)
tensor(338.8031),tensor(295.8754),tensor(17.8605),tensor(25.7957)
----- NEW FRAME -----
tensor(623.4309),tensor(350.1570),tensor(33.1382),tensor(55.6876)
tensor(13.8930),tensor(315.0585),tensor(27.7859),tensor(41.8281)
tensor(381.3140),tensor(302.4097),tensor(21.5305),tensor(32.8081)
tensor(4.5876),tensor(290.7561),tensor(9.1752),tensor(26.3228)
----- NEW FRAME -----
tensor(409.9136),tensor(308.0566),tensor(23.8625),tensor(34.8851)
tensor(264.9788),tensor(285.4724),tensor(15.8416),tensor(24.5851)
----- NEW FRAME -----
tensor(434.4710),tensor(318.6372),tensor(26.8619),tensor(39.9768)
tensor(267.5989),tensor(289.3260),tensor(16.5674),tensor(26.4160)
tensor(184.3895),tensor(277.6846),tensor(12.7141),tensor(19.0767)
----- NEW FRAME -----
tensor(467.5188),tensor(334.3186),tensor(33.9703),tensor(49.4223)
tensor(270.0621),tensor(295.4355),tensor(20.1044),tensor(28.9074)
tensor(180.9348),tensor(281.9022),tensor(15.3106),tensor(21.5173)
----- NEW FRAME -----
tensor(517.0333),tensor(357.6010),tensor(45.6654),tensor(63.6904)
tensor(272.9124),tensor(302.0828),tensor(21.4572),tensor(34.8330)
tensor(178.5383),tensor(285.9586),tensor(14.0949),tensor(23.6927)
tensor(107.0171),tensor(273.9621),tensor(10.7931),tensor(14.8577)
----- NEW FRAME -----
tensor(300.6014),tensor(311.5539),tensor(23.5120),tensor(37.8407)
tensor(198.2105),tensor(290.3978),tensor(17.6696),tensor(25.3329)
----- NEW FRAME -----
tensor(350.6870),tensor(323.6329),tensor(29.1321),tensor(43.1071)
tensor(236.0168),tensor(295.0397),tensor(18.7428),tensor(27.2342)
----- NEW FRAME -----
tensor(433.3707),tensor(339.7447),tensor(36.1171),tensor(51.8644)
tensor(292.5713),tensor(299.8533),tensor(20.9142),tensor(31.7748)
tensor(22.7927),tensor(284.1071),tensor(17.1216),tensor(21.8381)
tensor(50.3390),tensor(272.4570),tensor(18.1081),tensor(17.9005)
----- NEW FRAME -----
tensor(12.4640),tensor(314.1732),tensor(24.9280),tensor(34.6389)
tensor(567.4050),tensor(363.5901),tensor(44.5782),tensor(64.4145)
tensor(367.5976),tensor(305.7307),tensor(21.8848),tensor(29.5426)
tensor(90.6838),tensor(284.0049),tensor(15.4120),tensor(18.3503)
----- NEW FRAME -----
tensor(74.0344),tensor(319.4037),tensor(30.0527),tensor(37.9442)
tensor(458.6119),tensor(313.9005),tensor(25.1831),tensor(35.0599)
tensor(160.3142),tensor(285.2908),tensor(17.3957),tensor(20.2874)
tensor(354.5211),tensor(284.6112),tensor(13.6801),tensor(19.6542)
----- NEW FRAME -----
tensor(138.6664),tensor(324.9776),tensor(32.3569),tensor(43.2349)
tensor(573.0548),tensor(325.9113),tensor(31.5352),tensor(42.2332)
tensor(226.6993),tensor(286.0160),tensor(17.7036),tensor(21.3914)
tensor(429.7725),tensor(287.3112),tensor(18.3723),tensor(23.1027)
----- NEW FRAME -----
tensor(206.8767),tensor(333.7697),tensor(35.3631),tensor(45.0392)
tensor(518.1286),tensor(291.2888),tensor(19.6165),tensor(26.5874)
tensor(293.1696),tensor(287.2841),tensor(19.9924),tensor(23.2359)
----- NEW FRAME -----
tensor(273.7022),tensor(344.4503),tensor(36.5063),tensor(52.3352)
tensor(618.2993),tensor(296.2686),tensor(19.8320),tensor(27.1456)
tensor(359.4486),tensor(288.6423),tensor(17.8650),tensor(23.4055)
----- NEW FRAME -----
tensor(284.5767),tensor(351.4709),tensor(25.9221),tensor(39.4525)
tensor(380.2550),tensor(292.4852),tensor(16.4808),tensor(25.7513)
----- NEW FRAME -----
tensor(389.3054),tensor(294.9344),tensor(19.4764),tensor(27.2698)
----- NEW FRAME -----
tensor(396.8759),tensor(300.7546),tensor(20.5294),tensor(31.3807)
----- NEW FRAME -----
tensor(401.4986),tensor(305.7437),tensor(22.6331),tensor(35.4355)
----- NEW FRAME -----
tensor(365.7753),tensor(311.6606),tensor(25.2993),tensor(36.4376)
----- NEW FRAME -----
tensor(320.9899),tensor(317.9504),tensor(28.2434),tensor(39.2457)
tensor(547.3516),tensor(287.0494),tensor(14.6147),tensor(21.7596)
tensor(341.4123),tensor(280.2534),tensor(16.9795),tensor(26.8368)
----- NEW FRAME -----
tensor(278.0348),tensor(322.3179),tensor(28.0115),tensor(41.3115)
tensor(307.2361),tensor(281.0273),tensor(16.6758),tensor(28.3350)
tensor(514.6278),tensor(287.0352),tensor(14.0321),tensor(21.7437)
----- NEW FRAME -----
tensor(264.4072),tensor(327.3596),tensor(30.3386),tensor(45.9756)
tensor(297.8862),tensor(280.7684),tensor(15.9027),tensor(29.9835)
tensor(511.7183),tensor(287.5195),tensor(15.0226),tensor(22.3468)
----- NEW FRAME -----
tensor(256.1831),tensor(333.3189),tensor(32.4821),tensor(48.3295)
tensor(513.7930),tensor(289.0196),tensor(14.4669),tensor(23.6077)
tensor(293.8950),tensor(282.2294),tensor(17.1082),tensor(31.3270)
----- NEW FRAME -----
tensor(247.8184),tensor(338.1888),tensor(34.5064),tensor(51.4225)
tensor(290.8151),tensor(281.8139),tensor(17.3278),tensor(32.7119)
tensor(515.7295),tensor(288.6049),tensor(16.5493),tensor(24.4307)
tensor(450.9278),tensor(274.3288),tensor(9.8701),tensor(13.6801)
----- NEW FRAME -----
tensor(241.4136),tensor(343.7557),tensor(35.2722),tensor(53.9911)
tensor(518.0521),tensor(290.9574),tensor(17.2608),tensor(24.8910)
tensor(288.1982),tensor(283.3709),tensor(18.9518),tensor(33.6187)
----- NEW FRAME -----
tensor(238.2885),tensor(345.6538),tensor(33.7110),tensor(50.7107)
tensor(520.9230),tensor(290.6581),tensor(15.6554),tensor(25.2122)
tensor(286.6660),tensor(284.0146),tensor(19.5449),tensor(34.9384)
----- NEW FRAME -----
tensor(242.4368),tensor(349.0768),tensor(30.2479),tensor(50.1241)
tensor(534.4000),tensor(292.8151),tensor(17.4524),tensor(25.4843)
tensor(292.8070),tensor(286.0811),tensor(18.6448),tensor(31.9081)
tensor(460.4812),tensor(275.8321),tensor(11.3010),tensor(15.5015)
----- NEW FRAME -----
tensor(252.2964),tensor(350.5914),tensor(26.4147),tensor(42.6087)
tensor(555.0516),tensor(294.0022),tensor(17.0055),tensor(25.3752)
tensor(304.1187),tensor(285.4457),tensor(19.2108),tensor(36.3118)
tensor(475.1248),tensor(276.4862),tensor(11.4979),tensor(15.4653)
----- NEW FRAME -----
tensor(248.0251),tensor(353.0968),tensor(23.0807),tensor(32.1469)
tensor(565.2827),tensor(295.5106),tensor(18.2477),tensor(25.5216)
tensor(305.5455),tensor(286.3578),tensor(19.8265),tensor(39.0590)
tensor(481.1107),tensor(276.7791),tensor(11.4869),tensor(15.0587)
----- NEW FRAME -----
tensor(576.0630),tensor(297.3593),tensor(18.9092),tensor(27.2068)
tensor(303.2051),tensor(288.1400),tensor(19.0259),tensor(39.9868)
tensor(305.0510),tensor(282.1347),tensor(18.5696),tensor(28.7792)
tensor(235.2197),tensor(360.8260),tensor(17.7319),tensor(22.0999)
tensor(485.4566),tensor(277.3616),tensor(12.0746),tensor(17.0363)
----- NEW FRAME -----
tensor(302.2237),tensor(291.9903),tensor(21.5103),tensor(44.7887)
tensor(592.7410),tensor(301.0770),tensor(20.6055),tensor(29.2277)
tensor(301.8835),tensor(296.8976),tensor(19.5218),tensor(31.7675)
tensor(490.8088),tensor(279.4445),tensor(11.7924),tensor(16.4088)
tensor(303.1276),tensor(280.6548),tensor(19.6146),tensor(21.8550)
----- NEW FRAME -----
tensor(612.6909),tensor(306.5361),tensor(21.9565),tensor(31.7295)
tensor(297.6740),tensor(302.1392),tensor(21.0183),tensor(31.0937)
tensor(298.9036),tensor(297.4928),tensor(24.1947),tensor(41.9463)
tensor(305.0549),tensor(279.8032),tensor(12.9425),tensor(17.6448)
tensor(497.6558),tensor(281.7990),tensor(11.8976),tensor(17.1750)
tensor(442.4786),tensor(272.1979),tensor(9.2174),tensor(11.0986)
----- NEW FRAME -----
tensor(585.9553),tensor(310.4710),tensor(23.5017),tensor(35.6536)
tensor(250.9638),tensor(309.4492),tensor(25.1024),tensor(33.2982)
tensor(263.9963),tensor(279.2397),tensor(18.4647),tensor(24.5057)
----- NEW FRAME -----
tensor(553.1742),tensor(315.3951),tensor(24.5785),tensor(40.1940)
tensor(185.6191),tensor(318.6865),tensor(28.9216),tensor(38.7365)
tensor(214.5896),tensor(281.8362),tensor(17.9271),tensor(27.8184)
----- NEW FRAME -----
tensor(565.7005),tensor(321.7366),tensor(27.4949),tensor(41.4401)
tensor(191.8260),tensor(283.5798),tensor(18.2783),tensor(31.1396)
tensor(144.2399),tensor(329.7671),tensor(33.3073),tensor(48.1696)
tensor(144.3514),tensor(334.6223),tensor(32.3240),tensor(34.2617)
tensor(416.7589),tensor(285.1946),tensor(13.7965),tensor(19.0911)
----- NEW FRAME -----
tensor(596.3488),tensor(331.5300),tensor(31.4464),tensor(47.5920)
tensor(97.2862),tensor(343.8521),tensor(42.6026),tensor(56.6730)
tensor(173.9904),tensor(284.5385),tensor(21.3853),tensor(35.0214)
tensor(416.8748),tensor(286.1054),tensor(14.6719),tensor(21.0754)
tensor(354.0645),tensor(272.5337),tensor(9.8054),tensor(13.8334)
----- NEW FRAME -----
tensor(630.4189),tensor(346.6766),tensor(19.1622),tensor(53.7023)
tensor(26.2275),tensor(366.7700),tensor(52.4550),tensor(77.9474)
tensor(147.6867),tensor(292.6262),tensor(19.3761),tensor(26.4174)
tensor(417.1716),tensor(287.3105),tensor(14.8594),tensor(23.0353)
tensor(349.7257),tensor(272.1239),tensor(9.2872),tensor(15.0640)
tensor(162.8708),tensor(275.2779),tensor(10.8898),tensor(15.8169)
tensor(311.8996),tensor(440.1102),tensor(37.9194),tensor(79.7796)
----- NEW FRAME -----
tensor(145.1152),tensor(276.1980),tensor(12.5234),tensor(16.9554)
tensor(419.3097),tensor(291.0993),tensor(16.4309),tensor(24.8340)
tensor(117.9899),tensor(296.5613),tensor(21.6304),tensor(32.2094)
tensor(118.1427),tensor(289.0678),tensor(22.8327),tensor(50.1453)
----- NEW FRAME -----
tensor(156.5988),tensor(305.0246),tensor(26.3987),tensor(32.6451)
tensor(491.1753),tensor(298.5284),tensor(23.4485),tensor(30.5697)
tensor(187.7182),tensor(279.3188),tensor(16.7773),tensor(17.3118)
tensor(9.9715),tensor(22.6814),tensor(19.9429),tensor(24.9123)
----- NEW FRAME -----
tensor(621.4835),tensor(315.7116),tensor(24.2067),tensor(26.8271)
tensor(234.5766),tensor(299.9203),tensor(27.5184),tensor(64.2029)
tensor(234.1527),tensor(312.5759),tensor(27.5916),tensor(37.7629)
tensor(264.0713),tensor(283.9645),tensor(15.2382),tensor(17.8165)
----- NEW FRAME -----
tensor(247.8142),tensor(325.5158),tensor(29.0127),tensor(42.9069)
tensor(531.3670),tensor(288.6697),tensor(13.1425),tensor(20.1691)
tensor(283.5860),tensor(287.3320),tensor(14.5687),tensor(20.0839)
tensor(253.7279),tensor(280.1212),tensor(12.5144),tensor(17.6382)
tensor(192.6758),tensor(276.7095),tensor(9.7446),tensor(15.7708)
----- NEW FRAME -----
tensor(231.0186),tensor(339.8871),tensor(35.1831),tensor(52.0240)
tensor(280.0137),tensor(288.6483),tensor(15.8948),tensor(22.6716)
tensor(550.6166),tensor(292.6088),tensor(15.5952),tensor(22.8042)
tensor(185.2234),tensor(276.8565),tensor(10.7632),tensor(16.2419)
tensor(249.3995),tensor(280.1417),tensor(12.1221),tensor(18.1548)
----- NEW FRAME -----
tensor(270.8907),tensor(291.9128),tensor(17.7582),tensor(23.5024)
tensor(198.4949),tensor(355.9159),tensor(29.7166),tensor(50.2449)
tensor(566.5308),tensor(293.4009),tensor(16.7822),tensor(24.8384)
tensor(475.0692),tensor(279.9861),tensor(13.4244),tensor(20.2878)
tensor(435.0264),tensor(7.9603),tensor(13.5567),tensor(15.9206)
----- NEW FRAME -----
tensor(263.5648),tensor(295.1340),tensor(19.6339),tensor(25.3075)
tensor(590.9785),tensor(296.7643),tensor(18.2371),tensor(28.3961)
tensor(159.0662),tensor(277.2298),tensor(12.1055),tensor(16.5129)
tensor(487.7225),tensor(281.6780),tensor(13.4780),tensor(21.0389)
tensor(438.2017),tensor(6.1983),tensor(15.6057),tensor(12.3967)
----- NEW FRAME -----
tensor(554.7312),tensor(301.0967),tensor(19.7466),tensor(28.7418)
tensor(197.8845),tensor(302.4875),tensor(25.0448),tensor(28.2189)
tensor(165.6006),tensor(287.3640),tensor(21.2828),tensor(21.3959)
tensor(444.4268),tensor(285.7214),tensor(14.3327),tensor(19.2349)
----- NEW FRAME -----
tensor(547.3934),tensor(309.8638),tensor(23.1421),tensor(35.1094)
tensor(145.7238),tensor(313.2244),tensor(26.2592),tensor(34.7416)
tensor(424.3771),tensor(291.0226),tensor(15.5977),tensor(20.7661)
tensor(116.9183),tensor(294.9890),tensor(19.4123),tensor(24.8063)
tensor(32.0882),tensor(287.0425),tensor(14.9625),tensor(21.2871)
----- NEW FRAME -----
tensor(103.5240),tensor(326.7006),tensor(29.3923),tensor(39.3099)
tensor(564.6708),tensor(319.9351),tensor(25.5383),tensor(37.1660)
tensor(81.9017),tensor(302.2234),tensor(19.7450),tensor(27.5028)
tensor(422.5314),tensor(296.6111),tensor(17.6148),tensor(23.7698)
----- NEW FRAME -----
tensor(60.0697),tensor(337.7716),tensor(37.3543),tensor(46.1381)
tensor(592.7688),tensor(329.4472),tensor(30.4980),tensor(44.4568)
tensor(52.2114),tensor(305.5129),tensor(25.7293),tensor(31.6812)
tensor(426.6346),tensor(299.7377),tensor(16.6429),tensor(26.1997)
tensor(3.8795),tensor(7.0398),tensor(7.7590),tensor(13.7237)
----- NEW FRAME -----
tensor(432.7707),tensor(301.8547),tensor(20.2487),tensor(29.8469)
tensor(625.2845),tensor(336.5821),tensor(29.4309),tensor(49.6194)
tensor(16.1747),tensor(343.9752),tensor(32.3494),tensor(67.0453)
tensor(18.3646),tensor(307.3836),tensor(24.5395),tensor(33.7125)
tensor(16.5567),tensor(331.5919),tensor(33.1134),tensor(88.9016)
tensor(15.9474),tensor(321.6473),tensor(30.3069),tensor(64.9766)
tensor(20.5680),tensor(276.2986),tensor(12.4516),tensor(15.9232)
tensor(309.9809),tensor(95.4829),tensor(10.9298),tensor(18.1024)
----- NEW FRAME -----
tensor(19.3092),tensor(358.8469),tensor(38.6184),tensor(62.8568)
tensor(482.5521),tensor(303.5082),tensor(22.4340),tensor(32.7219)
tensor(36.0791),tensor(307.1567),tensor(26.3438),tensor(35.9362)
----- NEW FRAME -----
tensor(34.3333),tensor(370.8623),tensor(52.9725),tensor(81.2040)
tensor(554.1228),tensor(307.0160),tensor(26.2720),tensor(36.0164)
tensor(69.4340),tensor(309.1511),tensor(28.5112),tensor(37.9552)
tensor(90.2190),tensor(271.6122),tensor(12.8717),tensor(16.1028)
----- NEW FRAME -----
tensor(74.3549),tensor(316.6375),tensor(28.8886),tensor(41.9397)
tensor(605.1514),tensor(314.1157),tensor(30.5952),tensor(39.9616)
tensor(16.7369),tensor(385.9614),tensor(33.4738),tensor(66.7571)
tensor(105.8659),tensor(273.0498),tensor(12.4761),tensor(16.7078)
----- NEW FRAME -----
tensor(52.1007),tensor(322.5964),tensor(32.4816),tensor(45.2520)
tensor(629.2852),tensor(322.1598),tensor(21.4297),tensor(44.1307)
tensor(99.5573),tensor(272.8947),tensor(13.3173),tensor(17.8865)
tensor(440.0588),tensor(291.2603),tensor(18.1241),tensor(30.3920)
----- NEW FRAME -----
tensor(23.5672),tensor(331.0826),tensor(35.4312),tensor(47.5089)
tensor(90.1592),tensor(276.2861),tensor(13.1343),tensor(17.4192)
tensor(447.6351),tensor(295.2831),tensor(18.6094),tensor(30.1210)
tensor(320.6321),tensor(285.1585),tensor(17.8754),tensor(23.2755)
tensor(201.7458),tensor(279.0982),tensor(12.9585),tensor(20.8190)
----- NEW FRAME -----
tensor(81.7716),tensor(277.9752),tensor(13.4083),tensor(18.9781)
tensor(195.8723),tensor(281.7329),tensor(14.6974),tensor(20.9110)
tensor(454.3604),tensor(299.4484),tensor(20.1160),tensor(31.7986)
tensor(320.1545),tensor(287.9191),tensor(17.4095),tensor(24.0331)
tensor(6.5019),tensor(344.7447),tensor(13.0037),tensor(42.9336)
tensor(6.4775),tensor(360.8778),tensor(12.9551),tensor(11.9880)
----- NEW FRAME -----
tensor(73.8844),tensor(281.5938),tensor(13.9450),tensor(19.5808)
tensor(461.9543),tensor(305.2537),tensor(21.0458),tensor(30.7239)
tensor(319.6638),tensor(290.3506),tensor(16.9858),tensor(25.1161)
tensor(191.5908),tensor(285.6555),tensor(14.8502),tensor(20.7031)
tensor(74.1149),tensor(202.6325),tensor(16.3712),tensor(23.9825)
----- NEW FRAME -----
tensor(471.3281),tensor(306.5278),tensor(23.1528),tensor(38.7322)
tensor(66.0462),tensor(281.9460),tensor(14.5122),tensor(20.8262)
tensor(187.4745),tensor(286.6241),tensor(14.9261),tensor(21.8969)
tensor(321.6457),tensor(293.7373),tensor(20.0876),tensor(26.6195)
----- NEW FRAME -----
tensor(507.6635),tensor(309.7880),tensor(24.4785),tensor(45.3451)
tensor(82.1141),tensor(283.7975),tensor(15.0432),tensor(20.1533)
tensor(205.0364),tensor(288.0651),tensor(17.9747),tensor(23.4163)
tensor(342.4228),tensor(296.5944),tensor(20.9728),tensor(25.7000)
----- NEW FRAME -----
tensor(566.7076),tensor(313.5473),tensor(29.3848),tensor(53.0554)
tensor(380.8092),tensor(298.8298),tensor(22.1899),tensor(28.9959)
tensor(237.5092),tensor(288.9082),tensor(19.0379),tensor(23.8166)
tensor(116.6560),tensor(284.5668),tensor(15.5344),tensor(20.5544)
----- NEW FRAME -----
tensor(423.9412),tensor(302.7344),tensor(23.7146),tensor(29.2069)
tensor(629.5922),tensor(326.1844),tensor(20.8157),tensor(44.5608)
tensor(271.5916),tensor(290.9088),tensor(17.8361),tensor(23.6476)
tensor(150.2338),tensor(285.7236),tensor(16.2368),tensor(20.4041)
----- NEW FRAME -----
tensor(468.0014),tensor(306.4451),tensor(23.8965),tensor(32.6233)
tensor(305.0222),tensor(293.5562),tensor(16.8921),tensor(24.8933)
tensor(182.1161),tensor(286.8218),tensor(17.1387),tensor(21.8441)
tensor(20.5037),tensor(282.1658),tensor(15.0871),tensor(18.4260)
tensor(504.5647),tensor(210.5916),tensor(34.0268),tensor(63.5567)
----- NEW FRAME -----
tensor(340.8264),tensor(294.7877),tensor(18.7130),tensor(25.3013)
tensor(517.4797),tensor(314.2270),tensor(22.8081),tensor(28.7178)
tensor(214.6974),tensor(287.1016),tensor(16.6641),tensor(22.3199)
tensor(55.4580),tensor(281.9257),tensor(14.9991),tensor(18.9707)
----- NEW FRAME -----
tensor(9.3338),tensor(339.0767),tensor(18.6676),tensor(53.2817)
tensor(574.4113),tensor(316.2895),tensor(27.7874),tensor(36.9152)
tensor(88.2440),tensor(281.0784),tensor(14.7305),tensor(20.1083)
tensor(376.5068),tensor(296.2718),tensor(17.4266),tensor(25.3219)
tensor(245.8236),tensor(287.4022),tensor(17.0702),tensor(22.5938)
----- NEW FRAME -----
tensor(600.1464),tensor(319.7528),tensor(29.9429),tensor(40.8939)
tensor(387.3695),tensor(298.7373),tensor(19.3071),tensor(29.1537)
tensor(251.2080),tensor(288.0675),tensor(15.4965),tensor(23.7762)
tensor(90.0016),tensor(280.9680),tensor(13.8447),tensor(19.5926)
----- NEW FRAME -----
tensor(590.8782),tensor(325.0174),tensor(30.6428),tensor(43.4396)
tensor(370.1159),tensor(301.0687),tensor(20.0921),tensor(29.6896)
tensor(229.2451),tensor(290.6465),tensor(17.8735),tensor(24.6907)
tensor(60.3269),tensor(283.4684),tensor(15.9207),tensor(20.5269)
tensor(431.9437),tensor(247.7644),tensor(31.6063),tensor(51.9422)
----- NEW FRAME -----
tensor(567.6980),tensor(324.4777),tensor(32.4233),tensor(47.0396)
tensor(341.9867),tensor(302.9436),tensor(20.5408),tensor(30.0011)
tensor(194.7848),tensor(292.1971),tensor(17.1895),tensor(25.0823)
tensor(15.4781),tensor(283.8430),tensor(18.6169),tensor(21.5961)
----- NEW FRAME -----
tensor(571.8303),tensor(328.3761),tensor(38.1533),tensor(53.9543)
tensor(330.5192),tensor(305.6283),tensor(22.2086),tensor(33.4506)
tensor(175.2940),tensor(294.6389),tensor(19.0880),tensor(26.0838)
tensor(395.7475),tensor(246.8640),tensor(36.2449),tensor(56.4403)
----- NEW FRAME -----
tensor(352.2623),tensor(308.9867),tensor(22.8853),tensor(32.8667)
tensor(620.2202),tensor(335.4008),tensor(39.5596),tensor(57.2247)
tensor(190.9313),tensor(296.7010),tensor(19.0830),tensor(26.3357)
tensor(5.7095),tensor(287.4243),tensor(11.4190),tensor(22.2519)
----- NEW FRAME -----
tensor(387.9775),tensor(312.8981),tensor(24.3302),tensor(36.2654)
tensor(218.7744),tensor(297.8411),tensor(18.1115),tensor(28.0459)
tensor(30.0310),tensor(288.6935),tensor(18.4409),tensor(23.3573)
----- NEW FRAME -----
tensor(424.0304),tensor(319.2740),tensor(26.7366),tensor(38.1331)
tensor(243.3322),tensor(301.0168),tensor(19.0279),tensor(28.8593)
tensor(54.1636),tensor(290.9180),tensor(18.3287),tensor(23.1942)
tensor(477.1866),tensor(244.9551),tensor(35.6013),tensor(66.8548)
----- NEW FRAME -----
tensor(464.3419),tensor(324.7498),tensor(30.6475),tensor(44.0901)
tensor(78.8236),tensor(292.4739),tensor(17.6093),tensor(23.6588)
tensor(269.9271),tensor(304.0101),tensor(20.5112),tensor(31.9697)
----- NEW FRAME -----
tensor(512.9439),tensor(331.9766),tensor(31.8225),tensor(46.7427)
tensor(297.9044),tensor(306.7735),tensor(21.0263),tensor(32.0458)
tensor(103.3812),tensor(293.7879),tensor(17.4112),tensor(24.3853)
----- NEW FRAME -----
tensor(326.9036),tensor(310.1326),tensor(22.5082),tensor(33.7436)
tensor(566.8328),tensor(340.1257),tensor(35.0244),tensor(50.4281)
tensor(127.5960),tensor(294.3916),tensor(17.8113),tensor(25.2352)
----- NEW FRAME -----
tensor(622.7775),tensor(351.3859),tensor(34.4450),tensor(55.1913)
tensor(355.9991),tensor(313.4950),tensor(23.6362),tensor(36.1437)
tensor(150.1864),tensor(296.0785),tensor(18.7063),tensor(24.2981)
tensor(12.6436),tensor(279.5607),tensor(14.1017),tensor(17.7542)
----- NEW FRAME -----
tensor(387.2825),tensor(318.3137),tensor(25.2175),tensor(39.6069)
tensor(173.7029),tensor(297.4855),tensor(19.4922),tensor(24.3152)
tensor(37.5881),tensor(281.6401),tensor(13.5031),tensor(16.5553)
----- NEW FRAME -----
tensor(421.8746),tensor(323.5600),tensor(27.9033),tensor(42.3251)
tensor(196.5704),tensor(298.1446),tensor(19.2658),tensor(27.2518)
tensor(62.1691),tensor(281.2408),tensor(13.4925),tensor(17.5681)
----- NEW FRAME -----
tensor(461.6265),tensor(328.4123),tensor(30.7247),tensor(42.0896)
tensor(220.3141),tensor(298.4030),tensor(19.2220),tensor(28.1122)
tensor(86.8070),tensor(280.6458),tensor(12.4427),tensor(17.8816)
----- NEW FRAME -----
tensor(502.5406),tensor(335.1958),tensor(33.5186),tensor(49.8174)
tensor(241.8287),tensor(299.3947),tensor(18.5540),tensor(29.9189)
tensor(107.7783),tensor(279.1725),tensor(12.8788),tensor(17.8750)
tensor(27.9026),tensor(274.8353),tensor(11.6954),tensor(17.4612)
----- NEW FRAME -----
tensor(549.7489),tensor(343.7062),tensor(36.4568),tensor(50.5742)
tensor(263.3560),tensor(301.5007),tensor(19.0256),tensor(29.3560)
tensor(130.0923),tensor(280.1771),tensor(11.7551),tensor(16.9446)
tensor(50.2387),tensor(275.4812),tensor(10.7823),tensor(15.4644)
tensor(453.6863),tensor(400.5394),tensor(10.4156),tensor(15.1953)
----- NEW FRAME -----
tensor(288.0890),tensor(303.7095),tensor(20.4781),tensor(31.5025)
tensor(606.0306),tensor(352.4259),tensor(41.7601),tensor(56.5541)
tensor(152.5815),tensor(279.8998),tensor(11.3781),tensor(17.5941)
tensor(74.1214),tensor(275.0613),tensor(10.7784),tensor(15.2346)
----- NEW FRAME -----
tensor(315.3262),tensor(305.9653),tensor(21.0957),tensor(32.7015)
tensor(176.1870),tensor(279.6725),tensor(11.5117),tensor(18.5391)
tensor(98.6202),tensor(274.9586),tensor(10.6160),tensor(15.2823)
----- NEW FRAME -----
tensor(343.9953),tensor(307.6514),tensor(23.1032),tensor(35.2156)
tensor(199.7267),tensor(279.2488),tensor(12.0889),tensor(19.2753)
tensor(123.1798),tensor(274.8463),tensor(11.0834),tensor(15.4843)
----- NEW FRAME -----
tensor(373.2922),tensor(312.3508),tensor(23.5876),tensor(36.2852)
tensor(222.3199),tensor(279.8222),tensor(13.3291),tensor(18.9457)
tensor(146.3655),tensor(274.5546),tensor(11.1505),tensor(15.0493)
----- NEW FRAME -----
tensor(407.6418),tensor(317.8412),tensor(26.2474),tensor(40.4147)
tensor(246.7695),tensor(280.5046),tensor(13.4322),tensor(20.0392)
tensor(171.0483),tensor(275.1483),tensor(11.1086),tensor(15.7822)
----- NEW FRAME -----
tensor(449.1581),tensor(324.4343),tensor(28.2933),tensor(42.2386)
tensor(273.5823),tensor(280.9215),tensor(12.8297),tensor(20.2919)
tensor(21.0369),tensor(278.5578),tensor(13.1151),tensor(15.4761)
tensor(197.5187),tensor(275.5811),tensor(11.6777),tensor(15.7770)
----- NEW FRAME -----
tensor(496.0151),tensor(332.0416),tensor(31.6031),tensor(46.4636)
tensor(299.3328),tensor(283.0613),tensor(13.4828),tensor(19.4125)
tensor(18.8628),tensor(295.7202),tensor(20.1807),tensor(25.5432)
tensor(47.9685),tensor(278.7125),tensor(12.1849),tensor(15.9053)
tensor(222.8621),tensor(275.7117),tensor(10.5349),tensor(15.2629)
----- NEW FRAME -----
tensor(555.9692),tensor(342.2394),tensor(36.7935),tensor(53.4763)
tensor(44.6108),tensor(296.8711),tensor(21.7010),tensor(26.3715)
tensor(329.4404),tensor(283.5237),tensor(13.9900),tensor(20.3606)
tensor(75.6857),tensor(279.3128),tensor(11.6596),tensor(15.4129)
tensor(249.8611),tensor(276.2131),tensor(11.0357),tensor(15.0806)
----- NEW FRAME -----
tensor(625.7513),tensor(356.7344),tensor(28.4973),tensor(56.2996)
tensor(71.0565),tensor(297.2487),tensor(19.7966),tensor(27.0203)
tensor(361.9202),tensor(286.7692),tensor(13.8109),tensor(21.2671)
tensor(279.5747),tensor(276.9874),tensor(10.1973),tensor(16.4581)
tensor(106.1053),tensor(278.3507),tensor(11.6684),tensor(14.5876)
----- NEW FRAME -----
tensor(69.0854),tensor(300.0150),tensor(21.3026),tensor(29.3005)
tensor(373.1142),tensor(287.9084),tensor(16.1914),tensor(23.4653)
tensor(287.8737),tensor(278.4587),tensor(10.1505),tensor(16.4178)
tensor(109.4357),tensor(279.7886),tensor(13.2641),tensor(17.3882)
----- NEW FRAME -----
tensor(52.2535),tensor(303.6896),tensor(22.4256),tensor(31.6470)
tensor(375.5767),tensor(289.1262),tensor(15.6908),tensor(23.1705)
tensor(101.3319),tensor(280.0765),tensor(13.2852),tensor(18.3185)
tensor(286.6588),tensor(278.5493),tensor(10.4938),tensor(17.0232)
----- NEW FRAME -----
tensor(33.7615),tensor(305.2447),tensor(23.0762),tensor(34.2704)
tensor(380.0570),tensor(290.5184),tensor(16.0008),tensor(26.1516)
tensor(286.5550),tensor(279.1165),tensor(11.1211),tensor(17.6295)
tensor(93.7496),tensor(280.2920),tensor(13.4603),tensor(18.0540)
----- NEW FRAME -----
tensor(12.8641),tensor(309.8532),tensor(25.7282),tensor(37.3476)
tensor(385.3916),tensor(293.5221),tensor(16.6713),tensor(26.5433)
tensor(286.8965),tensor(280.0668),tensor(11.8270),tensor(18.5480)
tensor(86.2280),tensor(281.6859),tensor(14.8768),tensor(17.3964)
tensor(256.9600),tensor(270.0240),tensor(8.1646),tensor(13.0087)
----- NEW FRAME -----
tensor(75.4831),tensor(281.9661),tensor(15.0536),tensor(19.4752)
tensor(390.0476),tensor(297.1209),tensor(18.8587),tensor(27.2953)
tensor(285.9742),tensor(281.0178),tensor(12.5784),tensor(18.2645)
tensor(455.4104),tensor(401.5401),tensor(14.2341),tensor(12.8965)
----- NEW FRAME -----
tensor(395.4453),tensor(299.2866),tensor(18.5702),tensor(29.1599)
tensor(285.2733),tensor(282.2390),tensor(13.4139),tensor(19.7729)
tensor(64.9169),tensor(283.6328),tensor(14.8062),tensor(20.0468)
tensor(454.6511),tensor(401.4672),tensor(13.4227),tensor(11.9769)
tensor(254.9075),tensor(271.4186),tensor(9.5410),tensor(14.7963)
----- NEW FRAME -----
tensor(402.8035),tensor(304.7806),tensor(20.7096),tensor(32.6147)
tensor(285.0011),tensor(285.8952),tensor(14.0007),tensor(20.1195)
tensor(52.6250),tensor(286.5607),tensor(16.6274),tensor(21.7379)
tensor(253.8394),tensor(273.9114),tensor(9.8748),tensor(14.2567)
tensor(97.3632),tensor(272.8300),tensor(11.0363),tensor(14.1011)
tensor(454.1519),tensor(400.9148),tensor(11.8547),tensor(11.7756)
----- NEW FRAME -----
tensor(417.0689),tensor(310.0051),tensor(23.2324),tensor(35.1093)
tensor(290.0611),tensor(288.5082),tensor(13.2633),tensor(21.8986)
tensor(45.3471),tensor(289.6356),tensor(18.0525),tensor(23.6528)
tensor(257.6518),tensor(275.6578),tensor(9.9524),tensor(14.3798)
tensor(96.5532),tensor(275.5892),tensor(9.3285),tensor(14.3776)
tensor(455.3536),tensor(401.3205),tensor(12.0262),tensor(12.2378)
----- NEW FRAME -----
tensor(466.6431),tensor(317.0725),tensor(27.2230),tensor(41.1972)
tensor(321.0459),tensor(292.2234),tensor(16.0701),tensor(26.5050)
tensor(70.9419),tensor(293.9309),tensor(17.9735),tensor(22.7231)
tensor(287.1336),tensor(278.1277),tensor(11.6304),tensor(15.7711)
tensor(457.3334),tensor(401.0195),tensor(11.6049),tensor(11.4237)
----- NEW FRAME -----
tensor(514.0258),tensor(328.3203),tensor(28.8247),tensor(45.4727)
tensor(347.7342),tensor(295.3554),tensor(16.8900),tensor(26.0104)
tensor(88.1258),tensor(295.9962),tensor(17.6613),tensor(24.0382)
tensor(146.6964),tensor(278.6426),tensor(10.2746),tensor(14.5006)
tensor(310.4160),tensor(280.1744),tensor(10.2323),tensor(16.5435)
tensor(627.5621),tensor(71.5124),tensor(24.8758),tensor(49.8677)
tensor(290.9790),tensor(271.2780),tensor(9.7263),tensor(13.8192)
----- NEW FRAME -----
tensor(534.7081),tensor(336.6360),tensor(32.1587),tensor(46.3538)
tensor(73.6343),tensor(298.3514),tensor(19.5169),tensor(27.3842)
tensor(349.0220),tensor(298.4019),tensor(17.1062),tensor(26.3583)
tensor(139.8060),tensor(279.7379),tensor(11.8882),tensor(17.2638)
tensor(310.2059),tensor(281.4034),tensor(11.2073),tensor(15.8332)
tensor(629.5110),tensor(70.4927),tensor(20.9779),tensor(45.4451)
----- NEW FRAME -----
tensor(556.6188),tensor(347.1470),tensor(37.0703),tensor(50.7994)
tensor(348.3131),tensor(303.0586),tensor(18.1099),tensor(29.1839)
tensor(53.7074),tensor(305.3860),tensor(21.2519),tensor(27.5497)
tensor(307.1598),tensor(283.6971),tensor(11.2087),tensor(16.7329)
tensor(130.2458),tensor(283.2249),tensor(11.1622),tensor(18.2353)
tensor(592.3765),tensor(16.3289),tensor(13.4957),tensor(18.2468)
----- NEW FRAME -----
tensor(35.0743),tensor(308.2550),tensor(22.6622),tensor(31.8115)
tensor(585.1045),tensor(359.9767),tensor(40.4840),tensor(59.3026)
tensor(349.5446),tensor(306.0747),tensor(19.6693),tensor(29.4567)
tensor(306.4852),tensor(284.4176),tensor(11.1656),tensor(17.4003)
tensor(122.4195),tensor(284.1602),tensor(11.9975),tensor(18.3573)
tensor(630.8566),tensor(67.6926),tensor(18.2867),tensor(42.6963)
----- NEW FRAME -----
tensor(12.6846),tensor(312.7854),tensor(24.4875),tensor(34.3650)
tensor(617.9903),tensor(373.5473),tensor(42.5913),tensor(69.2527)
tensor(349.8763),tensor(308.0059),tensor(20.5867),tensor(31.8511)
tensor(305.3323),tensor(284.7469),tensor(12.2714),tensor(18.2509)
tensor(113.3136),tensor(284.6910),tensor(12.8376),tensor(17.8793)
tensor(631.5106),tensor(68.0451),tensor(16.9788),tensor(43.4630)
tensor(283.6380),tensor(274.2889),tensor(9.9001),tensor(16.4236)
----- NEW FRAME -----
tensor(357.3218),tensor(313.2054),tensor(21.6101),tensor(35.0062)
tensor(309.4177),tensor(286.3989),tensor(13.1431),tensor(19.2180)
tensor(6.6198),tensor(316.1611),tensor(13.2395),tensor(34.7992)
tensor(111.5636),tensor(286.8559),tensor(12.7961),tensor(20.5390)
tensor(601.3590),tensor(8.2909),tensor(13.5266),tensor(16.5818)
----- NEW FRAME -----
tensor(387.4832),tensor(314.2992),tensor(22.9987),tensor(36.3013)
tensor(15.4325),tensor(317.5720),tensor(26.0798),tensor(37.3997)
tensor(332.9186),tensor(285.9279),tensor(14.4952),tensor(19.6081)
tensor(132.2555),tensor(286.0160),tensor(14.7519),tensor(19.8478)
tensor(627.4205),tensor(5.1614),tensor(14.2633),tensor(10.3227)
----- NEW FRAME -----
tensor(436.7264),tensor(318.7087),tensor(24.3833),tensor(38.6388)
tensor(51.0649),tensor(318.8502),tensor(26.2752),tensor(38.5079)
tensor(372.0221),tensor(285.8710),tensor(13.9166),tensor(20.4289)
tensor(169.3921),tensor(284.7973),tensor(14.1213),tensor(19.5505)
----- NEW FRAME -----
tensor(478.6458),tensor(324.6049),tensor(26.7243),tensor(42.4996)
tensor(70.1727),tensor(318.2511),tensor(27.2251),tensor(38.1391)
tensor(402.1307),tensor(286.3772),tensor(13.1349),tensor(21.4725)
tensor(194.4999),tensor(282.8839),tensor(13.4170),tensor(19.6418)
----- NEW FRAME -----
tensor(493.7185),tensor(329.2932),tensor(31.0817),tensor(43.9950)
tensor(52.8684),tensor(321.2593),tensor(30.5793),tensor(41.7667)
tensor(406.3921),tensor(286.9114),tensor(14.3317),tensor(22.4854)
tensor(191.4098),tensor(282.9955),tensor(13.9026),tensor(19.7533)
tensor(376.9534),tensor(272.2785),tensor(9.6577),tensor(15.5964)
----- NEW FRAME -----
tensor(511.4464),tensor(336.6403),tensor(33.2841),tensor(50.1633)
tensor(32.2867),tensor(327.3003),tensor(32.6497),tensor(43.5938)
tensor(412.3295),tensor(287.6564),tensor(15.2319),tensor(23.1940)
tensor(188.0231),tensor(284.2441),tensor(14.8015),tensor(21.1102)
tensor(379.9656),tensor(272.4033),tensor(11.3479),tensor(16.5072)
tensor(511.9913),tensor(341.4742),tensor(31.8792),tensor(36.5955)
----- NEW FRAME -----
tensor(534.2095),tensor(343.4604),tensor(34.5234),tensor(53.6715)
tensor(418.5458),tensor(287.8199),tensor(13.8456),tensor(23.8616)
tensor(13.6451),tensor(331.8941),tensor(27.2901),tensor(48.7380)
tensor(185.3716),tensor(283.6678),tensor(14.6535),tensor(21.8170)
tensor(12.3747),tensor(323.9049),tensor(24.7493),tensor(33.3548)
tensor(256.4449),tensor(195.5914),tensor(21.6215),tensor(15.0909)
tensor(534.2831),tensor(355.1648),tensor(36.2458),tensor(28.3674)
tensor(384.7291),tensor(272.0534),tensor(9.2886),tensor(15.9564)
----- NEW FRAME -----
tensor(425.2971),tensor(290.5077),tensor(14.9926),tensor(25.9664)
tensor(561.7167),tensor(356.4514),tensor(40.2770),tensor(59.1238)
tensor(180.8122),tensor(285.8678),tensor(15.6361),tensor(23.3210)
tensor(388.2339),tensor(272.7632),tensor(11.0900),tensor(17.0226)
tensor(235.5034),tensor(269.7441),tensor(11.3287),tensor(18.7937)
tensor(258.2553),tensor(195.8250),tensor(20.5132),tensor(14.9300)
tensor(452.8227),tensor(400.9916),tensor(8.9415),tensor(14.1432)
----- NEW FRAME -----
tensor(431.6542),tensor(292.5531),tensor(17.3251),tensor(27.0168)
tensor(596.8754),tensor(370.2286),tensor(47.4220),tensor(66.5773)
tensor(174.7641),tensor(286.6326),tensor(17.1981),tensor(24.6907)
tensor(234.1125),tensor(269.7955),tensor(11.2979),tensor(15.8065)
tensor(391.8411),tensor(273.3988),tensor(9.6174),tensor(17.9997)
----- NEW FRAME -----
tensor(438.0889),tensor(295.8669),tensor(18.6184),tensor(26.3375)
tensor(166.5912),tensor(289.6484),tensor(18.8717),tensor(26.2388)
tensor(625.4756),tensor(387.9813),tensor(29.0487),tensor(80.2155)
tensor(393.9238),tensor(274.7122),tensor(10.8101),tensor(16.0802)
tensor(629.1829),tensor(389.4047),tensor(21.6343),tensor(74.0218)
tensor(258.5113),tensor(194.9435),tensor(22.1384),tensor(15.0314)
----- NEW FRAME -----
tensor(447.5000),tensor(298.3166),tensor(19.0946),tensor(29.2794)
tensor(159.4205),tensor(290.7278),tensor(18.4801),tensor(28.3285)
tensor(398.7843),tensor(274.9316),tensor(10.9210),tensor(16.4274)
----- NEW FRAME -----
tensor(455.0911),tensor(301.2985),tensor(19.9394),tensor(30.7081)
tensor(148.7072),tensor(294.1212),tensor(20.7625),tensor(28.9294)
tensor(401.5209),tensor(276.4958),tensor(11.4550),tensor(18.0137)
tensor(376.8053),tensor(96.2651),tensor(15.1586),tensor(23.8202)
tensor(226.3731),tensor(273.5819),tensor(11.5552),tensor(16.2322)
----- NEW FRAME -----
tensor(462.5549),tensor(307.6259),tensor(21.2783),tensor(32.0729)
tensor(133.8346),tensor(300.3114),tensor(21.5118),tensor(30.5821)
tensor(402.4290),tensor(279.9084),tensor(12.0530),tensor(17.7623)
----- NEW FRAME -----
tensor(470.0641),tensor(312.3665),tensor(22.7416),tensor(35.4489)
tensor(118.5261),tensor(305.4921),tensor(22.6461),tensor(33.2493)
tensor(403.3597),tensor(281.4756),tensor(12.5545),tensor(18.7065)
tensor(215.1725),tensor(279.2120),tensor(12.9943),tensor(18.3175)
----- NEW FRAME -----
tensor(101.7801),tensor(311.7572),tensor(23.5975),tensor(36.8618)
tensor(479.4101),tensor(317.6422),tensor(25.4210),tensor(38.4976)
tensor(405.1195),tensor(284.1299),tensor(13.8372),tensor(20.4925)
tensor(209.1498),tensor(280.7453),tensor(13.2246),tensor(20.5165)
----- NEW FRAME -----
tensor(488.4120),tensor(323.3209),tensor(27.9955),tensor(40.5200)
tensor(79.1962),tensor(318.1370),tensor(26.7404),tensor(39.5654)
tensor(405.0269),tensor(285.9853),tensor(14.1453),tensor(20.9387)
tensor(200.8564),tensor(284.2755),tensor(13.5108),tensor(18.0298)
----- NEW FRAME -----
tensor(500.3008),tensor(329.9445),tensor(27.8809),tensor(45.6230)
tensor(405.2165),tensor(287.1947),tensor(14.7858),tensor(21.6541)
tensor(51.5059),tensor(326.1666),tensor(30.9055),tensor(40.0999)
tensor(192.0293),tensor(286.8566),tensor(13.2541),tensor(19.2035)
tensor(370.2484),tensor(275.4368),tensor(10.1859),tensor(15.2610)
----- NEW FRAME -----
tensor(17.6268),tensor(331.6744),tensor(35.2535),tensor(47.4589)
tensor(517.3325),tensor(337.7845),tensor(32.4829),tensor(50.6422)
tensor(406.8238),tensor(287.4940),tensor(14.4182),tensor(22.2925)
tensor(181.4371),tensor(286.8404),tensor(16.2183),tensor(20.9697)
tensor(225.1803),tensor(276.0883),tensor(10.1455),tensor(14.6891)
tensor(369.6483),tensor(275.1525),tensor(10.8193),tensor(15.5043)
----- NEW FRAME -----
tensor(553.2422),tensor(348.4515),tensor(38.3264),tensor(56.4913)
tensor(417.5267),tensor(287.9083),tensor(14.8031),tensor(23.9587)
tensor(179.4689),tensor(287.9264),tensor(14.8755),tensor(22.4758)
tensor(376.8466),tensor(274.8529),tensor(9.7744),tensor(16.2323)
tensor(3.6032),tensor(359.4885),tensor(7.2064),tensor(10.5374)
tensor(227.6588),tensor(275.4228),tensor(11.2360),tensor(16.7291)
----- NEW FRAME -----
tensor(610.4781),tensor(362.2272),tensor(46.5178),tensor(66.3409)
tensor(435.3143),tensor(288.3905),tensor(16.2966),tensor(25.7983)
tensor(181.6847),tensor(288.6539),tensor(17.7102),tensor(24.4678)
tensor(388.6857),tensor(273.2424),tensor(11.4550),tensor(16.3835)
tensor(234.0194),tensor(274.2489),tensor(10.6782),tensor(15.8725)
----- NEW FRAME -----
tensor(453.0140),tensor(289.9081),tensor(18.5636),tensor(27.8102)
tensor(181.4297),tensor(289.1989),tensor(17.9186),tensor(24.6246)
tensor(400.8595),tensor(272.8349),tensor(10.8386),tensor(16.5580)
----- NEW FRAME -----
tensor(475.4581),tensor(295.4147),tensor(20.4519),tensor(31.6496)
tensor(179.7780),tensor(293.8619),tensor(18.4564),tensor(26.9183)
tensor(243.7810),tensor(275.7296),tensor(12.5149),tensor(18.6909)
tensor(413.7206),tensor(275.6109),tensor(12.9281),tensor(18.6820)
----- NEW FRAME -----
tensor(503.0934),tensor(301.9441),tensor(22.2294),tensor(33.8647)
tensor(179.9247),tensor(298.6069),tensor(19.6083),tensor(29.0016)
tensor(250.7113),tensor(277.9904),tensor(11.7573),tensor(19.2621)
tensor(429.8306),tensor(278.3531),tensor(13.1431),tensor(19.7344)
----- NEW FRAME -----
tensor(536.4883),tensor(309.4524),tensor(24.7891),tensor(37.4272)
tensor(177.5668),tensor(305.3641),tensor(22.2518),tensor(33.7147)
tensor(257.9296),tensor(281.8934),tensor(11.3342),tensor(19.3923)
tensor(447.1149),tensor(282.4007),tensor(13.2660),tensor(20.6353)
----- NEW FRAME -----
tensor(574.6338),tensor(317.3997),tensor(29.2478),tensor(41.9477)
tensor(172.8865),tensor(311.6780),tensor(23.9469),tensor(38.0813)
tensor(465.7595),tensor(284.3319),tensor(13.7793),tensor(21.4166)
tensor(263.8462),tensor(282.8000),tensor(12.4980),tensor(20.3972)
tensor(431.8422),tensor(70.5188),tensor(19.5022),tensor(17.9454)
----- NEW FRAME -----
tensor(622.3595),tensor(326.8279),tensor(31.9702),tensor(45.7855)
tensor(166.7537),tensor(317.2869),tensor(26.8964),tensor(39.1772)
tensor(484.7543),tensor(287.0757),tensor(15.4960),tensor(23.0759)
tensor(450.4785),tensor(272.5115),tensor(11.0062),tensor(15.6339)
tensor(269.0636),tensor(284.7579),tensor(14.7253),tensor(19.7716)
----- NEW FRAME -----
tensor(498.0635),tensor(288.5974),tensor(14.2393),tensor(23.0919)
tensor(149.4189),tensor(326.5346),tensor(30.3351),tensor(44.0093)
tensor(268.8994),tensor(286.3532),tensor(14.8251),tensor(21.0146)
tensor(458.2790),tensor(273.7883),tensor(10.4424),tensor(14.5356)
tensor(308.3153),tensor(272.5489),tensor(9.4298),tensor(13.5640)
----- NEW FRAME -----
tensor(126.4629),tensor(338.0734),tensor(34.7661),tensor(51.3782)
tensor(267.4227),tensor(288.1688),tensor(14.3190),tensor(22.4490)
tensor(511.6147),tensor(290.2614),tensor(17.8617),tensor(26.2111)
tensor(466.4928),tensor(273.4809),tensor(11.3936),tensor(16.0659)
tensor(309.8692),tensor(272.7977),tensor(11.1324),tensor(14.2101)
----- NEW FRAME -----
tensor(264.3316),tensor(290.9072),tensor(15.6357),tensor(23.3647)
tensor(93.9289),tensor(353.8358),tensor(42.7403),tensor(63.7539)
tensor(526.9773),tensor(295.5484),tensor(18.2469),tensor(26.0746)
tensor(473.8321),tensor(276.3012),tensor(11.2244),tensor(17.2373)
----- NEW FRAME -----
tensor(48.7933),tensor(372.6226),tensor(57.0266),tensor(79.9574)
tensor(543.5605),tensor(299.8796),tensor(18.9854),tensor(28.9199)
tensor(261.5616),tensor(295.2690),tensor(18.2534),tensor(25.5300)
tensor(482.2104),tensor(278.2130),tensor(12.1957),tensor(17.4429)
----- NEW FRAME -----
tensor(256.6635),tensor(298.5548),tensor(17.6661),tensor(28.3544)
tensor(564.1078),tensor(304.5869),tensor(21.5688),tensor(32.8251)
tensor(490.5295),tensor(280.2546),tensor(12.3546),tensor(18.0486)
----- NEW FRAME -----
tensor(248.3847),tensor(304.4420),tensor(20.1348),tensor(29.8209)
tensor(583.8160),tensor(311.4011),tensor(23.1843),tensor(34.9562)
tensor(307.6384),tensor(278.0893),tensor(11.9871),tensor(18.8981)
----- NEW FRAME -----
tensor(222.8459),tensor(312.1301),tensor(23.1217),tensor(30.9310)
tensor(589.2865),tensor(318.7409),tensor(25.5823),tensor(37.7777)
tensor(489.8497),tensor(285.8815),tensor(12.8264),tensor(19.6139)
tensor(292.1451),tensor(282.4041),tensor(13.9487),tensor(18.2394)
tensor(458.8822),tensor(278.8327),tensor(10.4518),tensor(16.9157)
----- NEW FRAME -----
tensor(573.9919),tensor(325.5860),tensor(27.3779),tensor(39.2106)
tensor(170.8006),tensor(319.6058),tensor(27.6021),tensor(38.0789)
tensor(463.2360),tensor(288.3578),tensor(13.2829),tensor(21.2244)
----- NEW FRAME -----
tensor(113.4340),tensor(333.2307),tensor(31.3314),tensor(42.4901)
tensor(566.3324),tensor(334.0756),tensor(29.2092),tensor(42.9673)
tensor(441.8133),tensor(290.6273),tensor(14.3077),tensor(22.2709)
tensor(224.8776),tensor(288.3121),tensor(13.1832),tensor(20.6251)
tensor(408.9421),tensor(281.9940),tensor(9.8066),tensor(16.7921)
----- NEW FRAME -----
tensor(591.6381),tensor(347.2608),tensor(34.6680),tensor(49.5889)
tensor(70.8065),tensor(346.8138),tensor(35.4835),tensor(50.3146)
tensor(442.0210),tensor(295.0902),tensor(14.0242),tensor(23.2089)
tensor(210.3211),tensor(292.3879),tensor(14.0758),tensor(20.7687)
tensor(235.4161),tensor(281.4115),tensor(11.4882),tensor(14.4650)
tensor(405.4775),tensor(283.8739),tensor(10.5156),tensor(17.0385)
----- NEW FRAME -----
tensor(19.6950),tensor(364.1913),tensor(39.3899),tensor(61.7211)
tensor(622.9000),tensor(360.4380),tensor(34.2001),tensor(57.8203)
tensor(195.0267),tensor(295.2137),tensor(15.8498),tensor(22.8989)
tensor(225.1580),tensor(282.1561),tensor(10.9160),tensor(15.1179)
tensor(442.4953),tensor(296.5441),tensor(14.5901),tensor(25.0314)
tensor(402.8542),tensor(285.4458),tensor(11.5260),tensor(19.0883)
----- NEW FRAME -----
tensor(176.4341),tensor(295.1706),tensor(18.1073),tensor(24.5084)
tensor(443.2324),tensor(296.1592),tensor(17.0554),tensor(25.6147)
tensor(212.2059),tensor(280.2407),tensor(13.5349),tensor(16.8087)
tensor(399.7331),tensor(282.4135),tensor(10.9055),tensor(18.8815)
----- NEW FRAME -----
tensor(446.9164),tensor(294.9126),tensor(18.6188),tensor(27.7507)
tensor(159.4022),tensor(284.2967),tensor(19.1294),tensor(43.4186)
tensor(201.6324),tensor(275.9410),tensor(12.5532),tensor(17.7571)
tensor(398.9620),tensor(279.4095),tensor(12.4138),tensor(20.9757)
----- NEW FRAME -----
tensor(452.2822),tensor(294.6017),tensor(20.5114),tensor(31.9823)
tensor(139.8744),tensor(291.6458),tensor(21.2823),tensor(30.2912)
tensor(189.2041),tensor(273.9838),tensor(13.8666),tensor(18.1667)
tensor(398.3231),tensor(277.7988),tensor(13.5704),tensor(20.9227)
tensor(78.7233),tensor(263.1104),tensor(10.8211),tensor(14.1183)
tensor(386.5199),tensor(8.5778),tensor(26.5411),tensor(17.1556)
----- NEW FRAME -----
tensor(115.2394),tensor(294.0655),tensor(24.5200),tensor(34.1816)
tensor(457.5903),tensor(296.6202),tensor(21.6080),tensor(34.0613)
tensor(176.1148),tensor(271.2449),tensor(15.0887),tensor(24.9938)
tensor(397.3307),tensor(277.2011),tensor(14.4614),tensor(21.2581)
tensor(62.0998),tensor(262.9102),tensor(11.4637),tensor(14.0397)
tensor(134.6301),tensor(266.6588),tensor(12.4155),tensor(16.2786)
----- NEW FRAME -----
tensor(467.3130),tensor(302.0113),tensor(23.8550),tensor(37.7218)
tensor(87.1094),tensor(298.7028),tensor(25.6449),tensor(34.8849)
tensor(398.3174),tensor(278.3702),tensor(14.5934),tensor(22.5581)
tensor(120.9414),tensor(266.2722),tensor(11.9216),tensor(16.9188)
tensor(162.1151),tensor(272.4050),tensor(14.0138),tensor(24.5988)
tensor(45.0140),tensor(262.2254),tensor(11.9829),tensor(15.1129)
----- NEW FRAME -----
tensor(50.2318),tensor(307.1856),tensor(29.3493),tensor(42.6472)
tensor(477.6163),tensor(308.7459),tensor(26.5808),tensor(38.7733)
tensor(397.7618),tensor(282.6338),tensor(15.7168),tensor(25.2626)
tensor(143.9943),tensor(278.3281),tensor(16.0706),tensor(22.9313)
----- NEW FRAME -----
tensor(490.4576),tensor(320.3390),tensor(29.6094),tensor(46.8663)
tensor(10.3240),tensor(317.1115),tensor(20.6481),tensor(44.7675)
tensor(397.3452),tensor(288.6118),tensor(16.9128),tensor(25.3430)
tensor(123.0824),tensor(282.7129),tensor(17.8136),tensor(24.4448)
tensor(83.0705),tensor(272.4203),tensor(14.7257),tensor(21.7846)
----- NEW FRAME -----
tensor(507.2626),tensor(336.9350),tensor(33.5613),tensor(52.1444)
tensor(95.6383),tensor(289.4574),tensor(20.0941),tensor(27.5272)
tensor(395.9425),tensor(294.5352),tensor(17.9886),tensor(28.7302)
tensor(339.9626),tensor(284.3218),tensor(14.1112),tensor(22.3850)
tensor(58.0628),tensor(277.6705),tensor(15.3286),tensor(21.4070)
----- NEW FRAME -----
tensor(530.3901),tensor(355.4449),tensor(39.2482),tensor(62.5322)
tensor(394.2696),tensor(302.6693),tensor(19.4495),tensor(31.5891)
tensor(64.0596),tensor(298.2187),tensor(21.7730),tensor(31.8960)
tensor(28.5344),tensor(283.8536),tensor(17.6913),tensor(24.5486)
tensor(333.2350),tensor(289.0172),tensor(15.5220),tensor(26.1376)
----- NEW FRAME -----
tensor(395.4910),tensor(309.6474),tensor(20.4031),tensor(34.4153)
tensor(568.4535),tensor(379.4823),tensor(46.1812),tensor(78.1073)
tensor(27.7586),tensor(305.3026),tensor(25.9914),tensor(34.0021)
tensor(328.1245),tensor(294.2172),tensor(15.9301),tensor(25.1763)
tensor(245.2247),tensor(285.0022),tensor(13.7168),tensor(18.3346)
----- NEW FRAME -----
tensor(397.9503),tensor(319.2348),tensor(21.8608),tensor(36.2468)
tensor(235.8284),tensor(288.9247),tensor(13.9130),tensor(20.9559)
tensor(323.6652),tensor(299.6655),tensor(15.8632),tensor(28.5353)
tensor(629.0447),tensor(399.2318),tensor(21.9105),tensor(43.9600)
tensor(626.7695),tensor(403.5543),tensor(26.4611),tensor(53.3104)
----- NEW FRAME -----
tensor(422.2998),tensor(331.2975),tensor(26.4426),tensor(42.2744)
tensor(336.2275),tensor(306.1756),tensor(17.7673),tensor(30.7032)
tensor(242.6109),tensor(294.4933),tensor(14.1248),tensor(23.1177)
----- NEW FRAME -----
tensor(437.4409),tensor(342.7485),tensor(30.3333),tensor(49.1865)
tensor(337.4604),tensor(311.6481),tensor(18.6786),tensor(34.4587)
tensor(235.7835),tensor(298.2239),tensor(15.8311),tensor(26.8721)
tensor(436.6569),tensor(337.2313),tensor(25.4673),tensor(39.8514)
----- NEW FRAME -----
tensor(452.1803),tensor(353.1982),tensor(36.8271),tensor(59.4167)
tensor(334.5507),tensor(313.3900),tensor(20.6901),tensor(35.8206)
----- NEW FRAME -----
tensor(334.5667),tensor(313.9738),tensor(24.0273),tensor(43.5829)
tensor(478.4605),tensor(361.1138),tensor(30.8534),tensor(51.8269)
tensor(214.3061),tensor(296.9174),tensor(19.2236),tensor(29.2617)
tensor(120.7658),tensor(288.3297),tensor(14.7534),tensor(21.9747)
----- NEW FRAME -----
tensor(368.9270),tensor(322.6985),tensor(27.5291),tensor(44.2255)
tensor(565.2905),tensor(401.8811),tensor(48.6655),tensor(92.2540)
tensor(234.8810),tensor(298.1423),tensor(18.5170),tensor(29.5059)
----- NEW FRAME -----
tensor(418.6488),tensor(335.1036),tensor(31.2443),tensor(51.7925)
tensor(262.4235),tensor(300.5047),tensor(20.6178),tensor(33.1588)
tensor(160.4661),tensor(288.4865),tensor(17.2035),tensor(26.3101)
----- NEW FRAME -----
tensor(497.2804),tensor(355.7009),tensor(40.2708),tensor(60.1428)
tensor(300.8331),tensor(309.5129),tensor(23.6934),tensor(37.0854)
tensor(191.6431),tensor(293.9610),tensor(18.2939),tensor(26.1786)
----- NEW FRAME -----
tensor(378.1472),tensor(318.0247),tensor(27.1446),tensor(41.6378)
tensor(253.8148),tensor(297.5019),tensor(21.0114),tensor(28.5063)
tensor(53.1348),tensor(20.3846),tensor(18.9574),tensor(17.9476)
----- NEW FRAME -----
tensor(483.2275),tensor(336.0780),tensor(34.7112),tensor(52.5975)
tensor(326.1941),tensor(305.3653),tensor(21.0598),tensor(32.0555)
tensor(126.8445),tensor(31.3659),tensor(17.3831),tensor(16.7485)
tensor(216.5536),tensor(293.1285),tensor(17.2038),tensor(27.5797)
tensor(118.1768),tensor(287.0186),tensor(15.7578),tensor(21.7636)
----- NEW FRAME -----
tensor(536.5013),tensor(356.3213),tensor(40.8459),tensor(59.9753)
tensor(339.6474),tensor(311.9312),tensor(22.7469),tensor(36.4722)
tensor(114.6488),tensor(288.9030),tensor(15.3182),tensor(24.4203)
tensor(218.0858),tensor(297.7958),tensor(17.5151),tensor(28.9706)
tensor(141.3458),tensor(30.2598),tensor(18.7875),tensor(21.1975)
----- NEW FRAME -----
tensor(345.0459),tensor(323.3816),tensor(26.9402),tensor(42.7151)
tensor(601.6345),tensor(383.0164),tensor(50.0798),tensor(73.3887)
tensor(209.4778),tensor(304.0513),tensor(19.5039),tensor(31.3958)
tensor(98.9541),tensor(293.5386),tensor(16.7724),tensor(26.0254)
tensor(139.5367),tensor(29.6181),tensor(18.4913),tensor(21.8624)
----- NEW FRAME -----
tensor(387.2104),tensor(337.7555),tensor(32.2766),tensor(50.2438)
tensor(230.0323),tensor(310.4869),tensor(22.1920),tensor(34.1157)
tensor(113.8609),tensor(298.1295),tensor(18.1545),tensor(28.0209)
tensor(8.4146),tensor(293.1982),tensor(16.8292),tensor(26.1035)
tensor(159.9207),tensor(30.6067),tensor(21.2228),tensor(23.0088)
----- NEW FRAME -----
tensor(294.9100),tensor(318.8627),tensor(24.2881),tensor(37.3074)
tensor(497.7151),tensor(362.5566),tensor(42.7468),tensor(62.7284)
tensor(171.9173),tensor(301.5472),tensor(19.1624),tensor(29.4163)
tensor(219.3421),tensor(36.7309),tensor(22.9545),tensor(23.3473)
tensor(4.6803),tensor(177.7216),tensor(9.3605),tensor(33.5386)
tensor(66.5466),tensor(295.3568),tensor(16.9891),tensor(27.7158)
tensor(4.4988),tensor(38.6084),tensor(8.9977),tensor(18.7554)
----- NEW FRAME -----
tensor(176.3378),tensor(306.4292),tensor(20.6769),tensor(32.0801)
tensor(311.5703),tensor(328.7911),tensor(28.2566),tensor(44.9238)
tensor(579.0078),tensor(397.0165),tensor(51.9489),tensor(90.3363)
tensor(65.5684),tensor(297.2360),tensor(18.4180),tensor(30.1552)
tensor(239.8549),tensor(34.4240),tensor(20.7074),tensor(21.7086)
----- NEW FRAME -----
tensor(383.5905),tensor(345.2031),tensor(34.7805),tensor(53.0216)
tensor(227.0756),tensor(312.2081),tensor(23.5916),tensor(35.1134)
tensor(112.1727),tensor(300.1772),tensor(19.3214),tensor(30.9796)
----- NEW FRAME -----
tensor(526.6968),tensor(373.2048),tensor(44.9524),tensor(69.8137)
tensor(309.5092),tensor(318.7983),tensor(24.7842),tensor(38.0240)
tensor(189.6622),tensor(303.2958),tensor(20.3477),tensor(33.6362)
----- NEW FRAME -----
tensor(408.7396),tensor(331.5976),tensor(30.3052),tensor(45.9505)
tensor(269.7560),tensor(305.0783),tensor(21.4481),tensor(32.2699)
----- NEW FRAME -----
tensor(475.6302),tensor(348.9055),tensor(37.4227),tensor(55.1199)
tensor(302.8622),tensor(310.1989),tensor(22.1982),tensor(36.1781)
tensor(186.7634),tensor(289.0681),tensor(15.0713),tensor(25.1622)
tensor(472.5490),tensor(14.0739),tensor(14.3319),tensor(17.0886)
----- NEW FRAME -----
tensor(381.8854),tensor(320.1284),tensor(26.9089),tensor(40.0635)
tensor(538.8546),tensor(5.3991),tensor(14.4392),tensor(10.7982)
tensor(624.2010),tensor(378.7479),tensor(31.5979),tensor(74.7715)
tensor(249.3850),tensor(294.3401),tensor(15.8307),tensor(21.6025)
----- NEW FRAME -----
tensor(500.6707),tensor(337.6778),tensor(36.5704),tensor(50.7565)
tensor(330.7206),tensor(296.8703),tensor(18.3407),tensor(25.5518)
----- NEW FRAME -----
tensor(598.9989),tensor(363.1128),tensor(41.6038),tensor(64.3589)
tensor(374.8132),tensor(304.9192),tensor(19.8795),tensor(29.1033)
tensor(65.3282),tensor(284.3047),tensor(14.8330),tensor(26.4717)
tensor(438.3643),tensor(136.6036),tensor(13.3614),tensor(42.1453)
----- NEW FRAME -----
tensor(386.2289),tensor(311.4543),tensor(20.6749),tensor(35.7853)
----- NEW FRAME -----
tensor(397.3265),tensor(319.6697),tensor(26.2049),tensor(41.5360)
tensor(24.5550),tensor(293.9075),tensor(16.8915),tensor(24.9642)
tensor(462.4403),tensor(79.3287),tensor(12.1410),tensor(14.5421)
----- NEW FRAME -----
tensor(410.2425),tensor(331.6994),tensor(29.2430),tensor(50.5134)
tensor(269.2131),tensor(290.5057),tensor(15.0924),tensor(23.7349)
----- NEW FRAME -----
tensor(431.6701),tensor(349.0893),tensor(31.8776),tensor(53.6813)
----- NEW FRAME -----
tensor(298.6259),tensor(295.7524),tensor(17.8169),tensor(36.1622)
----- NEW FRAME -----
tensor(39.6548),tensor(310.2299),tensor(26.0799),tensor(37.4715)
tensor(380.8638),tensor(304.1502),tensor(20.2043),tensor(28.8500)
tensor(39.6450),tensor(302.6065),tensor(27.1636),tensor(55.4626)
----- NEW FRAME -----
tensor(448.3617),tensor(316.5140),tensor(19.9226),tensor(28.3533)
tensor(73.9844),tensor(317.4660),tensor(26.7469),tensor(40.9719)
tensor(597.9716),tensor(7.4039),tensor(17.7841),tensor(14.8077)
----- NEW FRAME -----
tensor(64.2781),tensor(325.5771),tensor(30.8860),tensor(43.0881)
tensor(491.7700),tensor(322.6823),tensor(25.7567),tensor(40.4457)
tensor(630.2809),tensor(95.1059),tensor(19.4381),tensor(68.0812)
----- NEW FRAME -----
tensor(31.0844),tensor(337.1405),tensor(36.3941),tensor(51.3362)
tensor(528.1725),tensor(335.4937),tensor(31.8523),tensor(46.0085)
----- NEW FRAME -----
tensor(572.7527),tensor(350.0963),tensor(36.8354),tensor(55.8163)
tensor(424.6861),tensor(291.9680),tensor(14.6572),tensor(24.2422)
tensor(183.9667),tensor(293.1525),tensor(16.2360),tensor(24.3630)
----- NEW FRAME -----
tensor(622.8350),tensor(372.4130),tensor(34.3301),tensor(67.1306)
tensor(435.1811),tensor(295.7471),tensor(15.6727),tensor(23.4675)
----- NEW FRAME -----
tensor(443.7157),tensor(299.5214),tensor(18.0665),tensor(26.9994)
----- NEW FRAME -----
tensor(455.1292),tensor(304.2059),tensor(19.3608),tensor(30.2758)
----- NEW FRAME -----
tensor(468.3483),tensor(310.1888),tensor(21.9831),tensor(35.7593)
tensor(117.7142),tensor(309.1577),tensor(23.1662),tensor(33.4186)
----- NEW FRAME -----
tensor(486.4440),tensor(320.4981),tensor(24.7125),tensor(40.7922)
tensor(92.5333),tensor(318.8563),tensor(26.5307),tensor(40.2511)
tensor(404.5898),tensor(286.3208),tensor(14.2505),tensor(24.3062)
----- NEW FRAME -----
tensor(514.1760),tensor(331.4187),tensor(29.8788),tensor(46.1881)
tensor(64.8990),tensor(328.4185),tensor(30.5042),tensor(42.0110)
tensor(413.5126),tensor(290.7801),tensor(14.8661),tensor(23.5590)
----- NEW FRAME -----
tensor(551.4955),tensor(346.9363),tensor(35.4302),tensor(52.9246)
tensor(30.6885),tensor(341.2838),tensor(35.5934),tensor(50.2700)
tensor(424.7218),tensor(294.2271),tensor(15.1592),tensor(23.9905)
tensor(167.4858),tensor(288.2054),tensor(17.4398),tensor(31.6443)
----- NEW FRAME -----
tensor(599.2637),tensor(366.7235),tensor(42.4802),tensor(63.4313)
tensor(435.5554),tensor(296.3636),tensor(16.1558),tensor(25.3508)
tensor(159.2186),tensor(289.4305),tensor(18.4989),tensor(32.6512)
----- NEW FRAME -----
tensor(447.2321),tensor(300.7853),tensor(18.2699),tensor(27.3969)
tensor(149.9843),tensor(292.1495),tensor(21.8927),tensor(37.1735)
----- NEW FRAME -----
tensor(461.5550),tensor(301.8837),tensor(20.2743),tensor(31.2045)
tensor(133.8000),tensor(297.8570),tensor(20.2855),tensor(27.6373)
----- NEW FRAME -----
tensor(478.0284),tensor(304.1113),tensor(22.5347),tensor(36.8249)
tensor(116.0958),tensor(301.2762),tensor(21.3962),tensor(32.4755)
tensor(371.2934),tensor(281.3961),tensor(12.9034),tensor(22.9655)
tensor(133.8531),tensor(282.7335),tensor(14.7496),tensor(20.7531)
----- NEW FRAME -----
tensor(94.5413),tensor(304.7015),tensor(23.4503),tensor(34.7242)
tensor(499.4903),tensor(307.0186),tensor(26.1335),tensor(44.4405)
tensor(122.5221),tensor(284.2650),tensor(13.7930),tensor(23.7980)
----- NEW FRAME -----
tensor(524.2606),tensor(317.1688),tensor(27.8618),tensor(42.2748)
tensor(66.6439),tensor(312.3426),tensor(28.0126),tensor(42.1329)
tensor(108.4561),tensor(286.3664),tensor(17.9704),tensor(25.4763)
tensor(67.1643),tensor(300.6003),tensor(29.4069),tensor(66.6060)
tensor(382.5256),tensor(286.1370),tensor(15.5491),tensor(26.3094)
----- NEW FRAME -----
tensor(30.6204),tensor(323.9860),tensor(34.9472),tensor(46.1129)
tensor(556.0670),tensor(330.7337),tensor(30.6382),tensor(47.5134)
tensor(92.0678),tensor(291.7300),tensor(19.4778),tensor(26.6409)
tensor(389.0615),tensor(290.7867),tensor(17.4698),tensor(28.4706)
tensor(47.4168),tensor(280.8878),tensor(15.5662),tensor(18.3341)
----- NEW FRAME -----
tensor(601.8634),tensor(344.0951),tensor(39.7646),tensor(58.0262)
tensor(71.3090),tensor(296.0248),tensor(20.2243),tensor(27.3776)
tensor(396.7291),tensor(294.8142),tensor(18.6195),tensor(29.6322)
tensor(29.5431),tensor(282.5319),tensor(17.3799),tensor(20.0367)
tensor(316.7253),tensor(282.5636),tensor(14.2172),tensor(21.4620)
----- NEW FRAME -----
tensor(405.8163),tensor(300.7689),tensor(19.5410),tensor(31.0681)
tensor(46.2755),tensor(303.6462),tensor(22.8960),tensor(31.3910)
tensor(8.4709),tensor(287.3924),tensor(16.9419),tensor(23.5487)
tensor(318.3065),tensor(287.2681),tensor(14.3788),tensor(22.4042)
----- NEW FRAME -----
tensor(11.9889),tensor(309.8956),tensor(23.9778),tensor(40.1432)
tensor(412.2000),tensor(305.8678),tensor(20.5204),tensor(34.6388)
tensor(315.6697),tensor(290.6173),tensor(15.4091),tensor(25.1317)
----- NEW FRAME -----
tensor(419.2600),tensor(314.3683),tensor(23.0214),tensor(41.3954)
----- NEW FRAME -----
tensor(430.1387),tensor(324.4600),tensor(26.8528),tensor(43.6697)
tensor(308.5699),tensor(299.2750),tensor(19.2682),tensor(30.6376)
----- NEW FRAME -----
tensor(445.9575),tensor(336.3244),tensor(30.7897),tensor(52.3079)
tensor(306.4559),tensor(304.6125),tensor(19.5574),tensor(35.7941)
----- NEW FRAME -----
tensor(475.6071),tensor(352.0113),tensor(38.3652),tensor(59.4915)
tensor(308.8904),tensor(310.9623),tensor(21.8402),tensor(37.2738)
----- NEW FRAME -----
tensor(540.2843),tensor(375.8345),tensor(50.4688),tensor(72.0836)
tensor(327.1702),tensor(318.4354),tensor(24.8254),tensor(41.2490)
tensor(172.9601),tensor(297.5136),tensor(19.3201),tensor(28.8304)
----- NEW FRAME -----
tensor(365.2985),tensor(329.0262),tensor(28.7551),tensor(46.1919)
tensor(195.0210),tensor(299.3593),tensor(18.2181),tensor(30.2034)
tensor(92.1049),tensor(291.1894),tensor(16.6405),tensor(24.9165)
----- NEW FRAME -----
tensor(413.3186),tensor(342.6488),tensor(32.7053),tensor(54.3807)
tensor(217.8970),tensor(303.6617),tensor(20.7313),tensor(32.1135)
tensor(7.1185),tensor(287.9245),tensor(14.2371),tensor(21.8148)
----- NEW FRAME -----
tensor(492.4949),tensor(363.5499),tensor(43.3671),tensor(65.3811)
tensor(252.7756),tensor(309.2894),tensor(23.3803),tensor(35.5282)
tensor(141.2629),tensor(296.2517),tensor(19.8181),tensor(26.4270)
----- NEW FRAME -----
tensor(300.3000),tensor(318.6857),tensor(24.4506),tensor(37.7966)
tensor(183.5150),tensor(300.0358),tensor(18.2377),tensor(27.3560)
tensor(618.8552),tensor(392.7625),tensor(42.2896),tensor(62.5635)
tensor(76.2095),tensor(292.9035),tensor(16.9017),tensor(25.0217)
----- NEW FRAME -----
tensor(357.3526),tensor(327.3763),tensor(28.5106),tensor(43.2200)
tensor(228.3694),tensor(303.2456),tensor(20.1021),tensor(29.8478)
----- NEW FRAME -----
tensor(429.5314),tensor(339.7278),tensor(32.0170),tensor(50.4480)
tensor(276.4176),tensor(306.5801),tensor(20.5153),tensor(31.1352)
tensor(163.5655),tensor(294.8084),tensor(17.9020),tensor(25.7278)
----- NEW FRAME -----
tensor(522.8679),tensor(360.6548),tensor(44.0592),tensor(62.3398)
tensor(326.4669),tensor(310.8674),tensor(22.2998),tensor(32.5081)
tensor(207.1121),tensor(296.3326),tensor(19.0664),tensor(27.0974)
----- NEW FRAME -----
tensor(384.1394),tensor(318.0144),tensor(24.9133),tensor(38.3795)
tensor(250.7405),tensor(298.3163),tensor(18.7746),tensor(29.6232)
tensor(134.3994),tensor(285.5745),tensor(15.7079),tensor(23.0392)
----- NEW FRAME -----
tensor(446.0225),tensor(329.8474),tensor(30.4354),tensor(48.0681)
tensor(291.7371),tensor(303.6760),tensor(21.4308),tensor(32.6401)
tensor(170.0622),tensor(287.8132),tensor(14.7872),tensor(23.6682)
----- NEW FRAME -----
tensor(528.4583),tensor(346.6974),tensor(35.6536),tensor(55.5568)
tensor(335.6359),tensor(310.1469),tensor(23.4728),tensor(35.8962)
tensor(206.0630),tensor(291.5365),tensor(17.4474),tensor(26.5201)
----- NEW FRAME -----
tensor(628.2543),tensor(372.9118),tensor(23.4913),tensor(61.3369)
tensor(388.3749),tensor(320.9549),tensor(25.0107),tensor(39.0293)
tensor(243.8053),tensor(295.9105),tensor(17.5057),tensor(26.9476)
tensor(129.9511),tensor(278.3568),tensor(12.1974),tensor(16.7404)
----- NEW FRAME -----
tensor(452.6898),tensor(335.7420),tensor(31.4729),tensor(47.8992)
tensor(282.9947),tensor(300.8772),tensor(17.9855),tensor(30.2230)
----- NEW FRAME -----
tensor(531.4670),tensor(352.9916),tensor(38.2560),tensor(56.1844)
tensor(323.0423),tensor(307.0021),tensor(19.9266),tensor(33.6809)
----- NEW FRAME -----
tensor(362.9241),tensor(314.1938),tensor(22.3642),tensor(35.7714)
tensor(624.2597),tensor(377.2937),tensor(31.4806),tensor(66.9579)
tensor(36.1286),tensor(274.1110),tensor(10.4913),tensor(14.2709)
tensor(227.2497),tensor(281.6387),tensor(16.3657),tensor(27.5032)
----- NEW FRAME -----
tensor(413.0284),tensor(320.4866),tensor(25.4847),tensor(41.1490)
tensor(260.0323),tensor(280.3524),tensor(18.0864),tensor(30.3421)
----- NEW FRAME -----
tensor(477.7124),tensor(333.5605),tensor(32.5581),tensor(53.4763)
tensor(12.5458),tensor(291.2742),tensor(21.2345),tensor(27.2566)
tensor(51.2629),tensor(270.6130),tensor(14.6311),tensor(29.4535)
----- NEW FRAME -----
tensor(547.0049),tensor(351.3976),tensor(39.2385),tensor(58.3320)
tensor(19.4764),tensor(293.3301),tensor(21.5192),tensor(30.0291)
tensor(322.6606),tensor(288.8854),tensor(15.2384),tensor(24.9113)
tensor(67.0875),tensor(274.4077),tensor(14.9570),tensor(26.8649)
----- NEW FRAME -----
tensor(602.2665),tensor(378.1664),tensor(52.5547),tensor(74.4186)
tensor(321.9502),tensor(293.8840),tensor(18.5314),tensor(26.5065)
tensor(107.1869),tensor(275.7178),tensor(11.3451),tensor(16.6390)
----- NEW FRAME -----
tensor(319.6880),tensor(300.0364),tensor(18.9756),tensor(28.7918)
tensor(313.9944),tensor(277.4021),tensor(12.3643),tensor(16.2662)
tensor(91.1380),tensor(279.4879),tensor(11.2700),tensor(15.1955)
tensor(299.2740),tensor(284.9196),tensor(12.8459),tensor(21.6913)
tensor(22.3987),tensor(287.5699),tensor(17.6764),tensor(21.2078)
----- NEW FRAME -----
tensor(316.3732),tensor(305.4259),tensor(20.6382),tensor(33.3920)
tensor(294.6934),tensor(287.9056),tensor(15.2053),tensor(22.6529)
----- NEW FRAME -----
tensor(320.1663),tensor(311.2898),tensor(22.5853),tensor(37.5925)
tensor(296.7676),tensor(289.5205),tensor(15.2830),tensor(23.8446)
tensor(313.8976),tensor(280.1076),tensor(12.6501),tensor(20.3870)
----- NEW FRAME -----
tensor(352.8053),tensor(319.8113),tensor(27.1955),tensor(41.9465)
tensor(323.0004),tensor(293.1318),tensor(16.4448),tensor(26.7966)
tensor(340.4385),tensor(281.8408),tensor(13.9712),tensor(21.8795)
tensor(76.5677),tensor(284.7537),tensor(15.2913),tensor(20.6154)
----- NEW FRAME -----
tensor(395.9274),tensor(333.5512),tensor(31.8641),tensor(51.1959)
tensor(354.8649),tensor(298.6826),tensor(18.4226),tensor(31.1456)
tensor(371.9856),tensor(286.5997),tensor(14.5682),tensor(22.8047)
tensor(399.9952),tensor(278.8295),tensor(11.3782),tensor(17.5854)
----- NEW FRAME -----
tensor(453.3640),tensor(352.2089),tensor(39.0391),tensor(58.5054)
tensor(391.7240),tensor(305.6783),tensor(21.2935),tensor(32.6560)
tensor(113.0426),tensor(291.7601),tensor(14.6254),tensor(22.7712)
tensor(406.6159),tensor(290.7148),tensor(16.4482),tensor(21.9935)
----- NEW FRAME -----
tensor(533.2137),tensor(383.0543),tensor(47.6965),tensor(82.0964)
tensor(435.8696),tensor(315.4666),tensor(24.2676),tensor(37.9670)
tensor(130.3519),tensor(296.0816),tensor(15.5965),tensor(24.2435)
tensor(444.9034),tensor(296.5680),tensor(17.9437),tensor(25.9099)
tensor(474.0720),tensor(286.1015),tensor(13.0508),tensor(19.7122)
----- NEW FRAME -----
tensor(485.4042),tensor(317.6602),tensor(28.6334),tensor(59.3314)
tensor(144.5870),tensor(301.1733),tensor(18.0010),tensor(25.1407)
tensor(274.2608),tensor(285.7593),tensor(12.4873),tensor(19.5179)
tensor(515.3596),tensor(290.1437),tensor(15.4795),tensor(21.8284)
----- NEW FRAME -----
tensor(160.9557),tensor(306.0832),tensor(19.3453),tensor(29.0450)
tensor(540.9235),tensor(309.7355),tensor(23.0535),tensor(33.6935)
tensor(552.5663),tensor(344.0058),tensor(35.4869),tensor(51.1282)
tensor(298.8297),tensor(289.2391),tensor(13.1484),tensor(22.5046)
tensor(566.1517),tensor(296.0888),tensor(18.1931),tensor(24.5725)
----- NEW FRAME -----
tensor(627.7227),tensor(363.5527),tensor(24.5547),tensor(59.7512)
tensor(173.9719),tensor(312.8380),tensor(21.6435),tensor(31.4859)
tensor(598.4360),tensor(318.8806),tensor(26.9510),tensor(36.1539)
tensor(321.9223),tensor(292.8430),tensor(13.4777),tensor(23.3027)
tensor(617.8560),tensor(300.9100),tensor(17.8984),tensor(25.1180)
----- NEW FRAME -----
tensor(181.7783),tensor(318.5527),tensor(22.5571),tensor(37.1963)
tensor(343.0536),tensor(296.4307),tensor(15.6696),tensor(23.5117)
----- NEW FRAME -----
tensor(170.8239),tensor(325.0301),tensor(25.9565),tensor(42.8838)
tensor(350.0691),tensor(300.0623),tensor(17.1622),tensor(24.4164)
tensor(431.0331),tensor(287.4489),tensor(13.9758),tensor(22.3724)
----- NEW FRAME -----
tensor(148.7250),tensor(334.2813),tensor(29.8289),tensor(42.4528)
tensor(353.8422),tensor(301.3204),tensor(17.4246),tensor(26.0696)
tensor(440.0316),tensor(289.6934),tensor(15.0466),tensor(20.3055)
tensor(522.6271),tensor(275.3760),tensor(11.4910),tensor(16.6600)
----- NEW FRAME -----
tensor(100.6866),tensor(347.1276),tensor(42.0385),tensor(50.4726)
tensor(343.8029),tensor(304.7205),tensor(18.9825),tensor(27.1783)
tensor(435.8579),tensor(289.2985),tensor(15.0968),tensor(22.4729)
tensor(520.4617),tensor(273.9012),tensor(11.2073),tensor(15.0928)
----- NEW FRAME -----
tensor(297.6037),tensor(309.1925),tensor(22.3177),tensor(31.1912)
tensor(397.9974),tensor(290.6616),tensor(17.0753),tensor(21.3623)
tensor(455.7893),tensor(277.1710),tensor(14.5396),tensor(21.5411)
tensor(481.5227),tensor(272.6493),tensor(12.5386),tensor(14.3787)
----- NEW FRAME -----
tensor(239.1688),tensor(314.8145),tensor(25.3361),tensor(34.1024)
tensor(353.0214),tensor(289.8159),tensor(15.5864),tensor(22.2858)
tensor(412.8828),tensor(274.9224),tensor(15.9435),tensor(25.9873)
----- NEW FRAME -----
tensor(159.3686),tensor(319.7610),tensor(33.7370),tensor(44.0515)
tensor(301.1654),tensor(288.2793),tensor(19.1047),tensor(25.1656)
tensor(366.1039),tensor(271.7064),tensor(16.2220),tensor(26.0055)
tensor(633.0210),tensor(278.6024),tensor(13.9581),tensor(21.5350)
tensor(392.7719),tensor(266.8485),tensor(13.8325),tensor(17.9354)
----- NEW FRAME -----
tensor(624.5652),tensor(295.5961),tensor(22.3499),tensor(31.2555)
tensor(59.3048),tensor(332.7781),tensor(44.0414),tensor(52.1179)
tensor(246.5185),tensor(290.6010),tensor(20.0171),tensor(26.9579)
tensor(595.1310),tensor(277.2264),tensor(14.8882),tensor(22.5521)
tensor(322.3364),tensor(269.6788),tensor(17.6339),tensor(28.7451)
----- NEW FRAME -----
tensor(603.9120),tensor(300.0351),tensor(22.9009),tensor(33.1698)
tensor(189.8694),tensor(295.4771),tensor(23.5501),tensor(31.6637)
tensor(565.1520),tensor(279.7479),tensor(16.6962),tensor(23.0931)
tensor(312.8274),tensor(265.4973),tensor(13.9598),tensor(18.5405)
tensor(280.5741),tensor(275.0679),tensor(15.9055),tensor(21.3951)
----- NEW FRAME -----
tensor(126.2622),tensor(310.1375),tensor(26.7327),tensor(38.1652)
tensor(591.5598),tensor(311.1615),tensor(25.7559),tensor(38.6082)
tensor(542.1233),tensor(285.4094),tensor(16.9666),tensor(24.9131)
tensor(238.2944),tensor(284.2820),tensor(17.9816),tensor(20.8429)
----- NEW FRAME -----
tensor(609.5342),tensor(324.0294),tensor(30.9084),tensor(44.2148)
tensor(69.2451),tensor(320.3282),tensor(33.7156),tensor(41.0636)
tensor(541.9358),tensor(292.1645),tensor(18.4856),tensor(26.8868)
tensor(210.9069),tensor(288.1370),tensor(17.2326),tensor(24.2977)
tensor(257.9368),tensor(275.1241),tensor(13.6437),tensor(20.6139)
----- NEW FRAME -----
tensor(629.1411),tensor(337.0466),tensor(21.7178),tensor(49.4374)
tensor(178.3197),tensor(295.6950),tensor(20.3455),tensor(26.4325)
tensor(542.4386),tensor(298.4322),tensor(20.2462),tensor(28.8446)
tensor(235.1148),tensor(279.5212),tensor(14.3344),tensor(23.5444)
tensor(178.1485),tensor(288.4602),tensor(20.4254),tensor(41.6091)
tensor(6.2841),tensor(339.8399),tensor(12.5682),tensor(41.5092)
tensor(6.0637),tensor(348.8037),tensor(12.1274),tensor(24.6643)
tensor(212.1684),tensor(270.3143),tensor(10.0096),tensor(13.7474)
----- NEW FRAME -----
tensor(136.9485),tensor(299.3320),tensor(22.5657),tensor(33.2212)
tensor(544.9393),tensor(303.0190),tensor(21.1382),tensor(34.0236)
tensor(209.1652),tensor(280.2392),tensor(17.1038),tensor(25.3359)
----- NEW FRAME -----
tensor(83.2897),tensor(310.6777),tensor(26.7386),tensor(39.2289)
tensor(548.6349),tensor(309.7843),tensor(23.0012),tensor(35.4569)
tensor(175.1058),tensor(288.0241),tensor(18.2213),tensor(25.2382)
----- NEW FRAME -----
tensor(16.8707),tensor(322.4167),tensor(33.7415),tensor(45.6021)
tensor(558.3523),tensor(318.4011),tensor(25.7212),tensor(37.7921)
tensor(138.0887),tensor(294.3532),tensor(20.2804),tensor(26.7189)
tensor(426.3493),tensor(287.0020),tensor(14.0348),tensor(22.7320)
tensor(85.5386),tensor(268.4009),tensor(13.2673),tensor(17.9760)
tensor(152.6033),tensor(282.5363),tensor(15.0397),tensor(20.1987)
tensor(130.1145),tensor(271.7598),tensor(12.9469),tensor(25.8360)
----- NEW FRAME -----
tensor(572.7639),tensor(331.5035),tensor(31.6246),tensor(46.5854)
tensor(92.7960),tensor(294.8865),tensor(23.3846),tensor(43.6287)
tensor(116.0430),tensor(287.7808),tensor(17.3970),tensor(23.0854)
tensor(416.4650),tensor(291.9138),tensor(15.2589),tensor(26.3711)
----- NEW FRAME -----
tensor(48.1578),tensor(309.5850),tensor(25.5266),tensor(35.6210)
tensor(608.5674),tensor(348.3020),tensor(38.1720),tensor(54.2138)
tensor(84.8522),tensor(292.6103),tensor(19.5425),tensor(24.5742)
tensor(315.0201),tensor(283.7255),tensor(13.1248),tensor(18.9406)
tensor(65.9609),tensor(282.2424),tensor(13.6471),tensor(18.8427)
tensor(415.6746),tensor(297.0248),tensor(18.0186),tensor(27.0884)
----- NEW FRAME -----
tensor(51.5246),tensor(299.3286),tensor(19.8729),tensor(27.6609)
tensor(419.1731),tensor(302.1310),tensor(18.5486),tensor(29.3724)
tensor(7.1503),tensor(321.5260),tensor(14.3006),tensor(39.5667)
tensor(37.2800),tensor(287.1670),tensor(15.9949),tensor(21.0098)
tensor(308.3131),tensor(287.2913),tensor(13.2672),tensor(21.3768)
----- NEW FRAME -----
tensor(429.5399),tensor(309.7222),tensor(22.1031),tensor(35.8276)
tensor(18.3990),tensor(300.2524),tensor(26.6223),tensor(42.8644)
tensor(306.4915),tensor(289.9734),tensor(13.8933),tensor(23.2164)
tensor(218.1854),tensor(279.5988),tensor(12.3204),tensor(17.2624)
tensor(50.5772),tensor(271.7777),tensor(11.0233),tensor(14.1895)
tensor(12.1643),tensor(289.0970),tensor(13.6782),tensor(21.0825)
----- NEW FRAME -----
tensor(462.9999),tensor(319.6785),tensor(24.8163),tensor(37.6997)
tensor(8.3502),tensor(307.3066),tensor(16.7003),tensor(46.2841)
tensor(320.8065),tensor(295.6919),tensor(15.7882),tensor(24.7660)
tensor(226.4708),tensor(283.5211),tensor(13.2237),tensor(18.6387)
tensor(7.6209),tensor(294.9964),tensor(15.2418),tensor(22.3220)
----- NEW FRAME -----
tensor(507.9237),tensor(332.9147),tensor(29.5205),tensor(43.8466)
tensor(338.4130),tensor(301.6069),tensor(15.8733),tensor(26.1978)
tensor(237.0558),tensor(287.2237),tensor(12.9715),tensor(19.7974)
tensor(4.0332),tensor(300.5659),tensor(8.0664),tensor(26.8378)
tensor(155.0355),tensor(280.4425),tensor(9.2590),tensor(15.0398)
----- NEW FRAME -----
tensor(360.6726),tensor(307.3793),tensor(18.0740),tensor(30.2142)
tensor(571.2568),tensor(350.6760),tensor(36.2629),tensor(55.1042)
tensor(251.1378),tensor(289.2522),tensor(13.3276),tensor(19.6200)
tensor(74.1425),tensor(277.7757),tensor(11.1819),tensor(13.6042)
----- NEW FRAME -----
tensor(390.0729),tensor(311.2932),tensor(20.7032),tensor(33.8622)
tensor(268.2056),tensor(288.1328),tensor(15.4736),tensor(22.3481)
----- NEW FRAME -----
tensor(282.6445),tensor(287.9557),tensor(14.2587),tensor(23.8928)
tensor(420.3101),tensor(315.4718),tensor(23.9263),tensor(37.8561)
tensor(192.4876),tensor(276.3045),tensor(9.3626),tensor(17.2300)
----- NEW FRAME -----
tensor(453.6385),tensor(325.2639),tensor(28.5090),tensor(42.8431)
tensor(294.7967),tensor(288.8406),tensor(17.0227),tensor(24.7014)
tensor(199.7217),tensor(276.1744),tensor(9.9178),tensor(17.6621)
tensor(100.3927),tensor(269.4842),tensor(12.3410),tensor(16.3562)
----- NEW FRAME -----
tensor(303.3110),tensor(295.3885),tensor(18.0187),tensor(28.0585)
tensor(494.4796),tensor(341.3714),tensor(34.3800),tensor(49.7827)
tensor(202.0204),tensor(280.1515),tensor(11.4694),tensor(18.2577)
tensor(99.4010),tensor(271.9006),tensor(11.3143),tensor(16.9451)
tensor(27.8193),tensor(268.6782),tensor(12.3598),tensor(16.9594)
----- NEW FRAME -----
tensor(319.4882),tensor(301.2765),tensor(18.4231),tensor(30.1632)
tensor(562.7388),tensor(366.2028),tensor(44.4175),tensor(61.9484)
tensor(210.1344),tensor(282.4874),tensor(12.8289),tensor(20.8853)
tensor(32.8114),tensor(268.7789),tensor(12.0189),tensor(16.5686)
----- NEW FRAME -----
tensor(342.0094),tensor(309.5559),tensor(21.7809),tensor(35.2312)
tensor(221.3280),tensor(286.8469),tensor(14.2046),tensor(22.3319)
tensor(41.3934),tensor(271.4065),tensor(11.9487),tensor(15.8749)
tensor(114.1858),tensor(275.4267),tensor(13.2663),tensor(18.9625)
----- NEW FRAME -----
tensor(388.0463),tensor(318.5791),tensor(25.8248),tensor(39.7914)
tensor(249.5143),tensor(288.2867),tensor(14.6600),tensor(24.9893)
tensor(66.6713),tensor(271.2848),tensor(12.3825),tensor(16.8114)
tensor(139.2795),tensor(276.2210),tensor(13.4499),tensor(17.7257)
----- NEW FRAME -----
tensor(459.2878),tensor(333.3560),tensor(34.4569),tensor(49.9948)
tensor(289.7983),tensor(292.5994),tensor(17.9256),tensor(29.6194)
tensor(175.1298),tensor(278.7604),tensor(13.3385),tensor(19.5805)
----- NEW FRAME -----
tensor(560.4041),tensor(358.8089),tensor(43.6871),tensor(67.9823)
tensor(333.0109),tensor(300.9868),tensor(20.9692),tensor(30.1860)
tensor(209.8664),tensor(282.4905),tensor(14.2875),tensor(20.6827)
----- NEW FRAME -----
tensor(384.8975),tensor(313.1399),tensor(23.0256),tensor(35.0472)
tensor(246.9544),tensor(289.3400),tensor(16.7865),tensor(22.3768)
tensor(172.6962),tensor(282.0115),tensor(13.9501),tensor(18.4445)
----- NEW FRAME -----
tensor(451.0259),tensor(326.6667),tensor(27.4271),tensor(40.4690)
tensor(287.3189),tensor(295.0590),tensor(16.9412),tensor(22.8176)
tensor(211.0058),tensor(285.0243),tensor(13.5141),tensor(18.8292)
----- NEW FRAME -----
tensor(534.6708),tensor(339.1707),tensor(35.7524),tensor(49.4669)
tensor(8.1471),tensor(306.0832),tensor(16.2942),tensor(36.6122)
tensor(327.9918),tensor(294.4716),tensor(17.7634),tensor(24.8280)
tensor(246.3594),tensor(282.4587),tensor(14.6903),tensor(19.6735)
----- NEW FRAME -----
tensor(363.9461),tensor(297.3596),tensor(20.4076),tensor(28.3699)
tensor(625.7578),tensor(361.8373),tensor(28.4843),tensor(62.9475)
tensor(273.7065),tensor(281.8733),tensor(14.4911),tensor(22.5159)
tensor(8.8982),tensor(312.2675),tensor(17.7964),tensor(40.3800)
----- NEW FRAME -----
tensor(400.3447),tensor(305.9199),tensor(21.8798),tensor(34.2013)
tensor(4.8889),tensor(296.6688),tensor(9.7778),tensor(30.0564)
tensor(297.8596),tensor(287.1433),tensor(14.4452),tensor(24.3910)
tensor(5.3932),tensor(329.3501),tensor(10.7864),tensor(33.2669)
tensor(5.8420),tensor(311.3871),tensor(11.6840),tensor(69.1713)
----- NEW FRAME -----
tensor(441.3831),tensor(319.1169),tensor(25.3925),tensor(38.4698)
tensor(321.5543),tensor(294.2178),tensor(15.8333),tensor(25.9849)
tensor(4.4774),tensor(306.4902),tensor(8.9548),tensor(30.8693)
tensor(237.5786),tensor(284.1509),tensor(13.2727),tensor(20.4611)
----- NEW FRAME -----
tensor(493.5239),tensor(332.3576),tensor(29.5857),tensor(45.2289)
tensor(348.9984),tensor(300.1646),tensor(18.0910),tensor(27.1257)
tensor(258.3892),tensor(286.7850),tensor(13.0944),tensor(21.5165)
tensor(3.8258),tensor(295.9811),tensor(7.6516),tensor(28.2755)
----- NEW FRAME -----
tensor(559.1830),tensor(346.0197),tensor(37.5317),tensor(53.1451)
tensor(376.3329),tensor(304.7207),tensor(19.0344),tensor(30.2124)
tensor(276.5359),tensor(289.5413),tensor(15.7351),tensor(25.3563)
tensor(4.8685),tensor(299.1126),tensor(9.7369),tensor(32.5051)
tensor(4.9728),tensor(290.6149),tensor(9.9455),tensor(49.9481)
----- NEW FRAME -----
tensor(411.9495),tensor(308.8520),tensor(22.5420),tensor(34.0829)
tensor(5.6279),tensor(303.6035),tensor(11.2558),tensor(30.8177)
tensor(298.9536),tensor(289.1857),tensor(15.5896),tensor(25.6038)
tensor(634.1662),tensor(382.5076),tensor(11.6676),tensor(27.6599)
----- NEW FRAME -----
tensor(453.3448),tensor(318.3935),tensor(26.5016),tensor(39.2137)
tensor(323.0981),tensor(292.7747),tensor(16.4587),tensor(27.2794)
tensor(5.6638),tensor(308.3528),tensor(11.3275),tensor(35.8992)
----- NEW FRAME -----
tensor(510.2118),tensor(329.2142),tensor(31.7654),tensor(45.7240)
tensor(352.4381),tensor(297.0669),tensor(17.9938),tensor(26.5988)
tensor(8.0520),tensor(301.7812),tensor(16.1039),tensor(43.6086)
tensor(7.9294),tensor(292.4626),tensor(15.8588),tensor(25.1531)
----- NEW FRAME -----
tensor(583.5647),tensor(345.7899),tensor(39.3665),tensor(50.9930)
tensor(13.2385),tensor(298.3470),tensor(23.1137),tensor(29.8087)
tensor(385.5262),tensor(302.5294),tensor(20.9397),tensor(30.5817)
tensor(8.0287),tensor(324.1912),tensor(16.0574),tensor(41.9790)
tensor(12.1958),tensor(313.7370),tensor(24.0616),tensor(61.5540)
tensor(271.3952),tensor(287.8489),tensor(13.9943),tensor(21.8466)
----- NEW FRAME -----
tensor(20.1708),tensor(303.2416),tensor(22.7625),tensor(32.5262)
tensor(422.7134),tensor(308.1249),tensor(22.7461),tensor(35.1345)
tensor(5.0549),tensor(341.4213),tensor(10.1099),tensor(27.0151)
tensor(294.7736),tensor(289.8451),tensor(15.4913),tensor(23.6381)
tensor(12.5185),tensor(270.5396),tensor(11.6712),tensor(15.6350)
----- NEW FRAME -----
tensor(464.8131),tensor(317.4580),tensor(25.8789),tensor(38.7372)
tensor(23.7611),tensor(306.6894),tensor(23.8952),tensor(33.9012)
tensor(318.3795),tensor(293.0386),tensor(17.2943),tensor(26.7915)
----- NEW FRAME -----
tensor(26.1790),tensor(312.4325),tensor(25.8505),tensor(37.0440)
tensor(516.0958),tensor(327.7689),tensor(30.4368),tensor(44.2605)
tensor(343.2922),tensor(297.3251),tensor(17.9973),tensor(28.8057)
tensor(227.9084),tensor(284.2253),tensor(14.8148),tensor(21.8966)
----- NEW FRAME -----
tensor(583.7665),tensor(340.4815),tensor(37.7729),tensor(51.5529)
tensor(28.1469),tensor(317.4634),tensor(28.8412),tensor(41.4811)
tensor(374.2648),tensor(300.3998),tensor(18.5787),tensor(30.1732)
----- NEW FRAME -----
tensor(28.4073),tensor(326.4439),tensor(31.3440),tensor(46.1382)
tensor(412.0236),tensor(306.8672),tensor(22.3116),tensor(32.4767)
tensor(273.9907),tensor(288.0995),tensor(14.6666),tensor(24.6278)
tensor(89.8245),tensor(272.1884),tensor(10.9601),tensor(16.3454)
----- NEW FRAME -----
tensor(23.4371),tensor(338.1954),tensor(35.8859),tensor(51.9183)
tensor(457.6404),tensor(314.7375),tensor(26.3125),tensor(36.2833)
tensor(5.6403),tensor(303.5944),tensor(11.2806),tensor(31.9821)
tensor(299.8488),tensor(291.3525),tensor(16.6520),tensor(27.0950)
----- NEW FRAME -----
tensor(512.8814),tensor(325.6857),tensor(29.2535),tensor(42.7169)
tensor(17.6381),tensor(349.7245),tensor(35.2763),tensor(62.4152)
tensor(328.3180),tensor(294.6639),tensor(17.4510),tensor(26.9835)
tensor(7.7462),tensor(306.0439),tensor(15.4924),tensor(36.1036)
tensor(211.1460),tensor(280.2694),tensor(14.4182),tensor(21.3459)
----- NEW FRAME -----
tensor(586.7164),tensor(340.1703),tensor(35.3322),tensor(49.0690)
tensor(10.0427),tensor(313.2920),tensor(20.0854),tensor(39.3671)
tensor(360.9831),tensor(299.4750),tensor(19.9750),tensor(30.1644)
tensor(10.7357),tensor(371.0521),tensor(21.4714),tensor(76.3804)
tensor(7.0113),tensor(371.1088),tensor(13.9572),tensor(73.7247)
----- NEW FRAME -----
tensor(9.5694),tensor(319.3613),tensor(19.1389),tensor(43.1603)
tensor(395.3606),tensor(303.3007),tensor(22.2534),tensor(33.8723)
----- NEW FRAME -----
tensor(435.3944),tensor(310.8042),tensor(25.2654),tensor(38.7510)
tensor(6.5788),tensor(328.9677),tensor(13.1575),tensor(45.9360)
tensor(279.1489),tensor(286.5229),tensor(16.4956),tensor(23.6345)
tensor(194.8855),tensor(275.3797),tensor(12.6124),tensor(18.1581)
----- NEW FRAME -----
tensor(480.7160),tensor(320.6473),tensor(30.1726),tensor(45.5077)
tensor(299.0533),tensor(290.4344),tensor(17.0337),tensor(28.1872)
tensor(211.3070),tensor(278.6455),tensor(13.1215),tensor(20.2175)
----- NEW FRAME -----
tensor(542.2469),tensor(333.8643),tensor(36.7168),tensor(52.4100)
tensor(323.4379),tensor(295.2469),tensor(18.9020),tensor(29.7152)
tensor(230.4841),tensor(281.7203),tensor(14.3298),tensor(21.4030)
----- NEW FRAME -----
tensor(348.5610),tensor(303.3344),tensor(21.4457),tensor(33.5588)
tensor(617.1505),tensor(352.6153),tensor(43.1454),tensor(65.2085)
tensor(248.6541),tensor(287.0455),tensor(13.9556),tensor(22.4800)
----- NEW FRAME -----
tensor(376.0562),tensor(309.2426),tensor(22.5894),tensor(35.0784)
tensor(265.4922),tensor(288.9298),tensor(14.3820),tensor(24.7716)
----- NEW FRAME -----
tensor(411.1688),tensor(317.5524),tensor(25.6699),tensor(40.9008)
tensor(286.7300),tensor(292.6127),tensor(16.8201),tensor(26.8068)
tensor(5.1729),tensor(303.9025),tensor(10.3457),tensor(28.5603)
----- NEW FRAME -----
tensor(463.9616),tensor(328.4414),tensor(31.8550),tensor(45.0735)
tensor(12.3381),tensor(305.6974),tensor(24.6763),tensor(36.4396)
tensor(316.7534),tensor(295.5385),tensor(18.8237),tensor(28.8619)
tensor(48.3230),tensor(283.2035),tensor(14.9692),tensor(19.3239)
tensor(235.2157),tensor(278.9561),tensor(11.7797),tensor(17.9048)
----- NEW FRAME -----
tensor(540.6400),tensor(343.8531),tensor(38.9106),tensor(53.6782)
tensor(33.8188),tensor(309.7950),tensor(27.7885),tensor(35.5413)
tensor(357.1269),tensor(300.1478),tensor(19.6099),tensor(28.3623)
tensor(79.5302),tensor(283.7495),tensor(15.7577),tensor(19.5353)
tensor(268.6008),tensor(280.4482),tensor(12.1805),tensor(19.4110)
----- NEW FRAME -----
tensor(57.5366),tensor(314.9528),tensor(26.9668),tensor(37.3439)
tensor(402.9083),tensor(305.4877),tensor(20.8118),tensor(32.1265)
tensor(630.8276),tensor(363.6844),tensor(18.3448),tensor(56.8346)
tensor(111.5680),tensor(284.2963),tensor(16.7018),tensor(20.0785)
----- NEW FRAME -----
tensor(80.0351),tensor(321.9064),tensor(29.5949),tensor(40.1097)
tensor(459.2928),tensor(312.8546),tensor(24.6879),tensor(35.9568)
tensor(143.9220),tensor(286.8932),tensor(16.3540),tensor(21.3982)
----- NEW FRAME -----
tensor(98.3550),tensor(328.7933),tensor(30.4781),tensor(43.5315)
tensor(524.3000),tensor(323.1051),tensor(29.0500),tensor(41.0071)
tensor(173.9051),tensor(285.8674),tensor(15.9635),tensor(22.0057)
tensor(380.8046),tensor(286.2407),tensor(13.2776),tensor(22.2333)
tensor(174.3020),tensor(281.5759),tensor(16.7983),tensor(31.3672)
tensor(97.8006),tensor(335.9263),tensor(30.6797),tensor(29.0023)
----- NEW FRAME -----
tensor(108.8430),tensor(338.9370),tensor(35.4942),tensor(50.1432)
tensor(602.6628),tensor(335.8422),tensor(35.9235),tensor(49.6904)
tensor(418.9322),tensor(288.6143),tensor(13.3313),tensor(22.8179)
tensor(199.3469),tensor(287.7471),tensor(16.9456),tensor(22.9755)
----- NEW FRAME -----
tensor(117.7573),tensor(349.7119),tensor(40.3514),tensor(67.7780)
tensor(227.0465),tensor(288.1742),tensor(16.2638),tensor(24.1148)
tensor(464.4302),tensor(291.0354),tensor(15.0762),tensor(25.0228)
----- NEW FRAME -----
tensor(114.0707),tensor(374.8333),tensor(51.5474),tensor(84.7650)
tensor(250.3369),tensor(290.6176),tensor(17.4404),tensor(25.9907)
tensor(510.7358),tensor(296.0239),tensor(19.2639),tensor(25.9354)
----- NEW FRAME -----
tensor(543.0790),tensor(301.0500),tensor(20.1697),tensor(28.0070)
tensor(255.7674),tensor(296.3755),tensor(19.4182),tensor(27.2805)
tensor(60.8421),tensor(390.2910),tensor(28.8466),tensor(40.5971)
tensor(451.0869),tensor(278.5238),tensor(11.8464),tensor(18.4731)
tensor(289.4901),tensor(272.4479),tensor(16.4804),tensor(24.9058)
----- NEW FRAME -----
tensor(221.9336),tensor(302.1716),tensor(21.8165),tensor(30.1821)
tensor(537.7602),tensor(306.7754),tensor(20.8936),tensor(32.0627)
tensor(435.4220),tensor(279.6467),tensor(12.2289),tensor(18.7110)
tensor(402.9449),tensor(269.6638),tensor(10.2532),tensor(14.9523)
----- NEW FRAME -----
tensor(524.7394),tensor(312.2600),tensor(23.7341),tensor(37.3328)
tensor(172.7377),tensor(310.1545),tensor(23.5443),tensor(36.7675)
tensor(411.2220),tensor(282.9541),tensor(12.5339),tensor(20.3699)
tensor(378.1240),tensor(271.6903),tensor(10.6791),tensor(14.5051)
----- NEW FRAME -----
tensor(544.5941),tensor(321.1484),tensor(27.6172),tensor(40.0242)
tensor(143.1383),tensor(318.4414),tensor(28.7432),tensor(40.4527)
tensor(411.4574),tensor(284.8404),tensor(13.2930),tensor(22.1365)
tensor(375.6013),tensor(272.5531),tensor(8.5553),tensor(13.7268)
----- NEW FRAME -----
tensor(569.1925),tensor(331.3206),tensor(32.3623),tensor(46.9001)
tensor(103.4427),tensor(330.3094),tensor(34.2493),tensor(45.7386)
tensor(410.9737),tensor(286.4675),tensor(13.7440),tensor(22.5829)
tensor(371.0358),tensor(272.5389),tensor(10.3862),tensor(15.0787)
tensor(198.7140),tensor(282.0729),tensor(17.0848),tensor(29.4816)
----- NEW FRAME -----
tensor(603.1311),tensor(344.3402),tensor(37.3191),tensor(54.7614)
tensor(51.0132),tensor(343.4310),tensor(44.1377),tensor(57.4326)
tensor(411.3416),tensor(288.3439),tensor(14.9022),tensor(24.8253)
tensor(181.4182),tensor(287.8293),tensor(18.1226),tensor(25.4517)
----- NEW FRAME -----
tensor(159.1264),tensor(291.7095),tensor(18.1631),tensor(26.3414)
tensor(408.6614),tensor(291.8040),tensor(15.6920),tensor(26.4863)
tensor(631.6661),tensor(364.2851),tensor(16.6677),tensor(56.3501)
tensor(362.0905),tensor(274.6616),tensor(10.1866),tensor(16.2546)
tensor(632.2511),tensor(374.5038),tensor(15.4978),tensor(35.4594)
tensor(632.0125),tensor(383.5837),tensor(15.9751),tensor(18.0736)
----- NEW FRAME -----
tensor(151.9441),tensor(295.2869),tensor(20.1586),tensor(27.4370)
tensor(423.0212),tensor(295.3430),tensor(18.5363),tensor(25.7426)
tensor(370.1336),tensor(274.6992),tensor(10.9619),tensor(17.7690)
----- NEW FRAME -----
tensor(492.7980),tensor(300.6461),tensor(21.6688),tensor(30.2161)
tensor(196.4937),tensor(298.2588),tensor(20.8237),tensor(30.4941)
tensor(423.8571),tensor(278.0148),tensor(10.6671),tensor(16.3539)
----- NEW FRAME -----
tensor(520.5682),tensor(309.8572),tensor(22.2853),tensor(36.4196)
tensor(190.9229),tensor(305.9641),tensor(22.6924),tensor(33.4679)
tensor(437.8591),tensor(282.0546),tensor(11.6318),tensor(17.6066)
----- NEW FRAME -----
tensor(546.7134),tensor(317.8066),tensor(26.3427),tensor(36.8414)
tensor(173.7489),tensor(313.9887),tensor(24.8998),tensor(36.4626)
tensor(445.3067),tensor(285.0295),tensor(13.7110),tensor(19.7007)
----- NEW FRAME -----
tensor(151.8279),tensor(325.0137),tensor(30.1700),tensor(43.2979)
tensor(580.8127),tensor(325.6947),tensor(28.9448),tensor(42.2748)
tensor(228.9125),tensor(286.4982),tensor(15.5749),tensor(21.3391)
tensor(455.6271),tensor(286.7208),tensor(13.7759),tensor(21.2296)
----- NEW FRAME -----
tensor(122.0409),tensor(336.3470),tensor(35.7979),tensor(53.0778)
tensor(624.2305),tensor(337.8010),tensor(31.5391),tensor(49.9255)
tensor(467.5788),tensor(287.6671),tensor(14.7139),tensor(22.6104)
tensor(222.9057),tensor(287.1358),tensor(16.3554),tensor(22.1769)
----- NEW FRAME -----
tensor(78.0801),tensor(355.2331),tensor(45.3447),tensor(65.1077)
tensor(480.4754),tensor(289.2418),tensor(16.4014),tensor(24.5432)
tensor(213.9528),tensor(290.0965),tensor(17.7089),tensor(25.1403)
----- NEW FRAME -----
tensor(498.5739),tensor(293.4070),tensor(17.6637),tensor(26.6277)
tensor(19.3672),tensor(380.6328),tensor(38.7343),tensor(78.2516)
tensor(205.1772),tensor(292.8376),tensor(19.3036),tensor(28.4363)
----- NEW FRAME -----
tensor(191.5594),tensor(300.0371),tensor(20.4999),tensor(32.3468)
tensor(518.3558),tensor(300.1003),tensor(19.6108),tensor(28.2678)
tensor(228.3795),tensor(278.0142),tensor(13.4847),tensor(17.6447)
----- NEW FRAME -----
tensor(178.7934),tensor(308.9209),tensor(24.6895),tensor(34.6771)
tensor(543.7783),tensor(307.6504),tensor(22.0586),tensor(31.5131)
tensor(441.7715),tensor(283.0350),tensor(11.2050),tensor(17.2031)
tensor(141.7541),tensor(271.9333),tensor(10.9103),tensor(14.4146)
tensor(225.0486),tensor(280.9589),tensor(13.4683),tensor(20.2971)
tensor(200.2849),tensor(275.1657),tensor(10.2744),tensor(16.2262)
----- NEW FRAME -----
tensor(572.0835),tensor(317.5766),tensor(25.5154),tensor(36.0074)
tensor(157.2801),tensor(319.9163),tensor(27.9051),tensor(39.6866)
tensor(449.9435),tensor(286.6300),tensor(10.9213),tensor(17.2538)
tensor(132.9433),tensor(274.6566),tensor(10.5287),tensor(15.6452)
tensor(218.1451),tensor(284.5466),tensor(13.7311),tensor(21.8850)
----- NEW FRAME -----
tensor(606.8287),tensor(325.8255),tensor(28.6350),tensor(40.9785)
tensor(128.8592),tensor(330.5248),tensor(32.9389),tensor(46.0923)
tensor(459.2532),tensor(288.8671),tensor(12.2127),tensor(19.6481)
tensor(185.7319),tensor(279.2778),tensor(12.1271),tensor(16.6006)
tensor(210.9784),tensor(286.4339),tensor(14.7711),tensor(22.4937)
tensor(122.9561),tensor(275.4384),tensor(10.9673),tensor(15.7056)
----- NEW FRAME -----
tensor(87.2829),tensor(344.4414),tensor(40.4897),tensor(56.8997)
tensor(466.4946),tensor(289.5752),tensor(13.5464),tensor(21.1768)
tensor(634.8468),tensor(339.2471),tensor(10.3064),tensor(27.9869)
tensor(198.0994),tensor(288.3408),tensor(17.7417),tensor(24.1483)
tensor(173.2819),tensor(279.9505),tensor(12.5117),tensor(17.7181)
tensor(107.7329),tensor(277.1890),tensor(9.8587),tensor(14.9427)
----- NEW FRAME -----
tensor(28.1634),tensor(363.7299),tensor(54.9051),tensor(79.0698)
tensor(476.0498),tensor(291.1808),tensor(13.9506),tensor(26.0926)
tensor(185.4326),tensor(289.3914),tensor(16.3259),tensor(27.5803)
tensor(162.3548),tensor(278.8795),tensor(12.8185),tensor(19.7382)
----- NEW FRAME -----
tensor(484.1780),tensor(293.6338),tensor(15.6337),tensor(26.3422)
tensor(167.8666),tensor(293.5173),tensor(19.0190),tensor(26.3436)
tensor(146.1951),tensor(281.4196),tensor(13.6294),tensor(20.1498)
tensor(403.5486),tensor(279.1070),tensor(12.9077),tensor(20.8788)
----- NEW FRAME -----
tensor(498.9581),tensor(299.1972),tensor(17.9830),tensor(30.3145)
tensor(151.1026),tensor(298.4939),tensor(20.2173),tensor(30.5887)
tensor(131.9621),tensor(285.3295),tensor(16.0382),tensor(23.2432)
----- NEW FRAME -----
tensor(517.7652),tensor(307.9495),tensor(20.6636),tensor(32.9853)
tensor(133.2586),tensor(307.1719),tensor(22.4221),tensor(33.6119)
tensor(116.2453),tensor(289.9375),tensor(17.9835),tensor(26.3954)
----- NEW FRAME -----
tensor(541.3135),tensor(317.1053),tensor(23.2662),tensor(37.7108)
tensor(112.4021),tensor(317.3612),tensor(25.6933),tensor(39.6415)
tensor(101.9900),tensor(296.3749),tensor(19.1946),tensor(24.8239)
tensor(25.8045),tensor(288.0908),tensor(13.6742),tensor(23.4631)
tensor(420.7549),tensor(291.1933),tensor(18.9675),tensor(31.9385)
----- NEW FRAME -----
tensor(575.5757),tensor(326.6968),tensor(25.9978),tensor(39.2307)
tensor(90.8271),tensor(318.2384),tensor(29.6446),tensor(57.8828)
tensor(10.1755),tensor(290.1832),tensor(17.0538),tensor(21.8990)
tensor(435.3881),tensor(299.4357),tensor(17.6169),tensor(24.5634)
tensor(89.3973),tensor(300.4774),tensor(19.7625),tensor(23.0345)
tensor(90.6317),tensor(326.3512),tensor(28.4830),tensor(39.5846)
tensor(172.9781),tensor(279.1381),tensor(11.7630),tensor(15.8757)
tensor(83.6035),tensor(277.6597),tensor(13.1154),tensor(15.4906)
----- NEW FRAME -----
tensor(76.8427),tensor(336.3630),tensor(34.0164),tensor(45.5341)
tensor(629.0386),tensor(337.6356),tensor(21.9229),tensor(45.2717)
tensor(462.6462),tensor(304.3745),tensor(19.1080),tensor(26.7615)
tensor(85.2614),tensor(304.7696),tensor(21.4330),tensor(27.3771)
tensor(7.8413),tensor(293.8135),tensor(15.6827),tensor(23.1913)
tensor(274.1304),tensor(284.1501),tensor(11.7383),tensor(16.5565)
tensor(360.8889),tensor(289.3141),tensor(12.9637),tensor(20.1983)
tensor(89.8001),tensor(278.4780),tensor(11.8188),tensor(14.1012)
tensor(181.0588),tensor(280.5732),tensor(11.1005),tensor(15.3213)
----- NEW FRAME -----
tensor(45.7265),tensor(344.0494),tensor(42.2904),tensor(58.1598)
tensor(71.7961),tensor(304.2134),tensor(23.4462),tensor(34.5978)
tensor(487.9859),tensor(305.6994),tensor(20.3101),tensor(32.8341)
tensor(89.0654),tensor(272.1548),tensor(10.4723),tensor(16.4778)
----- NEW FRAME -----
tensor(512.5574),tensor(307.5831),tensor(23.5776),tensor(33.9872)
tensor(45.4129),tensor(305.7997),tensor(27.3447),tensor(36.8634)
tensor(80.6979),tensor(270.8907),tensor(11.5203),tensor(16.1105)
tensor(179.4550),tensor(273.2852),tensor(12.0804),tensor(15.5338)
tensor(380.0910),tensor(286.3024),tensor(16.4884),tensor(24.1710)
tensor(281.9378),tensor(278.8755),tensor(11.9121),tensor(19.9851)
----- NEW FRAME -----
tensor(543.6932),tensor(315.0941),tensor(27.8718),tensor(38.7867)
tensor(12.4267),tensor(312.9012),tensor(24.8535),tensor(41.7479)
tensor(281.7196),tensor(279.7613),tensor(13.6058),tensor(21.6019)
tensor(68.8385),tensor(271.1570),tensor(12.9495),tensor(16.2773)
tensor(388.4869),tensor(288.8299),tensor(16.6904),tensor(24.7131)
tensor(173.7832),tensor(274.3563),tensor(13.1928),tensor(18.3361)
----- NEW FRAME -----
tensor(583.1488),tensor(326.9349),tensor(33.4860),tensor(46.4963)
tensor(165.0728),tensor(277.6686),tensor(13.9940),tensor(19.0840)
tensor(281.1118),tensor(283.8422),tensor(15.1907),tensor(23.0205)
tensor(397.6042),tensor(295.4305),tensor(18.4182),tensor(24.7582)
tensor(55.8353),tensor(275.2598),tensor(13.6936),tensor(17.7767)
----- NEW FRAME -----
tensor(169.4268),tensor(281.9191),tensor(14.8886),tensor(21.2029)
tensor(54.7947),tensor(278.1511),tensor(13.4488),tensor(18.9194)
tensor(291.8202),tensor(288.6667),tensor(16.2195),tensor(25.5836)
tensor(423.4966),tensor(302.2276),tensor(18.8082),tensor(28.8096)
----- NEW FRAME -----
tensor(459.4648),tensor(309.4519),tensor(25.7032),tensor(43.0921)
tensor(54.5986),tensor(282.9658),tensor(16.6484),tensor(20.4330)
tensor(306.8297),tensor(296.2949),tensor(17.2614),tensor(25.1628)
tensor(174.2671),tensor(287.3187),tensor(16.7429),tensor(22.7798)
----- NEW FRAME -----
tensor(509.9503),tensor(317.9680),tensor(30.6879),tensor(57.3628)
tensor(327.3866),tensor(301.4451),tensor(19.6544),tensor(29.4471)
tensor(184.2049),tensor(290.6858),tensor(16.7260),tensor(24.5583)
tensor(59.6274),tensor(285.3900),tensor(15.6211),tensor(22.3339)
----- NEW FRAME -----
tensor(591.4928),tensor(333.9072),tensor(36.2152),tensor(65.6414)
tensor(363.2303),tensor(307.0893),tensor(23.3807),tensor(36.0899)
tensor(74.0360),tensor(287.8311),tensor(15.6045),tensor(23.8463)
tensor(204.8784),tensor(294.3289),tensor(18.5952),tensor(27.6403)
----- NEW FRAME -----
tensor(406.4935),tensor(317.5169),tensor(25.0111),tensor(41.0712)
tensor(88.9522),tensor(289.2705),tensor(17.4097),tensor(26.1437)
tensor(227.5451),tensor(298.6023),tensor(19.3753),tensor(29.6000)
----- NEW FRAME -----
tensor(464.3994),tensor(332.4446),tensor(34.1135),tensor(45.7389)
tensor(104.2233),tensor(294.1817),tensor(19.2552),tensor(27.1444)
tensor(251.7947),tensor(305.9167),tensor(22.3574),tensor(33.1909)
----- NEW FRAME -----
tensor(278.0047),tensor(312.8118),tensor(24.9644),tensor(38.5510)
tensor(119.3122),tensor(298.8734),tensor(19.1742),tensor(29.7264)
tensor(545.4734),tensor(350.8127),tensor(44.8381),tensor(62.7081)
tensor(466.5417),tensor(235.0641),tensor(28.0141),tensor(44.8622)
----- NEW FRAME -----
tensor(307.2009),tensor(325.1650),tensor(27.3777),tensor(43.9752)
tensor(131.3365),tensor(305.3043),tensor(22.9443),tensor(34.0317)
----- NEW FRAME -----
tensor(342.5505),tensor(343.3736),tensor(34.1195),tensor(54.0948)
tensor(140.9866),tensor(313.1584),tensor(24.1950),tensor(36.6957)
----- NEW FRAME -----
tensor(154.7896),tensor(324.6073),tensor(27.6130),tensor(43.7429)
tensor(396.4330),tensor(355.1242),tensor(27.5480),tensor(34.8188)
----- NEW FRAME -----
tensor(181.0065),tensor(339.4972),tensor(32.1124),tensor(49.9431)
----- NEW FRAME -----
tensor(11.8053),tensor(311.1882),tensor(23.6107),tensor(36.0336)
tensor(234.3835),tensor(349.1973),tensor(28.0545),tensor(42.4846)
----- NEW FRAME -----
tensor(87.0335),tensor(314.6403),tensor(26.5703),tensor(36.7272)
tensor(15.7072),tensor(281.3458),tensor(15.8052),tensor(22.0573)
----- NEW FRAME -----
tensor(170.0012),tensor(321.1773),tensor(29.2340),tensor(42.3319)
tensor(103.3445),tensor(281.3975),tensor(17.8220),tensor(21.8001)
----- NEW FRAME -----
tensor(258.7378),tensor(333.0933),tensor(32.5484),tensor(45.3585)
tensor(186.7112),tensor(284.8250),tensor(17.9358),tensor(22.2195)
----- NEW FRAME -----
tensor(364.4999),tensor(345.1600),tensor(32.6887),tensor(48.9580)
tensor(270.7395),tensor(285.3037),tensor(18.0984),tensor(22.8962)
----- NEW FRAME -----
tensor(37.8384),tensor(299.7142),tensor(24.9366),tensor(26.8728)
tensor(529.8522),tensor(387.5266),tensor(45.6293),tensor(81.5139)
tensor(358.0183),tensor(288.6310),tensor(20.0159),tensor(23.7771)
tensor(533.2776),tensor(396.2905),tensor(47.6802),tensor(68.5774)
tensor(524.7983),tensor(395.4785),tensor(32.9826),tensor(66.0798)
----- NEW FRAME -----
tensor(123.9616),tensor(299.3078),tensor(25.1407),tensor(30.0673)
tensor(459.9075),tensor(294.3769),tensor(25.0376),tensor(26.7567)
----- NEW FRAME -----
tensor(205.0483),tensor(303.3649),tensor(23.3935),tensor(32.2209)
tensor(585.9504),tensor(305.1232),tensor(26.4238),tensor(33.2236)
tensor(478.4406),tensor(286.6976),tensor(15.9166),tensor(21.7451)
tensor(288.4955),tensor(280.4555),tensor(13.8073),tensor(17.3643)
----- NEW FRAME -----
tensor(206.3231),tensor(309.5433),tensor(25.9236),tensor(37.5674)
tensor(509.3438),tensor(289.4673),tensor(15.9115),tensor(21.6339)
tensor(480.6245),tensor(275.9266),tensor(10.2183),tensor(14.5815)
tensor(301.0422),tensor(281.1612),tensor(14.7816),tensor(18.8096)
tensor(634.5618),tensor(316.0116),tensor(10.8763),tensor(29.4342)
tensor(337.2238),tensor(270.8546),tensor(8.7876),tensor(13.9639)
----- NEW FRAME -----
tensor(619.9813),tensor(322.3285),tensor(26.9044),tensor(41.4722)
tensor(124.3130),tensor(323.3774),tensor(32.3634),tensor(42.9862)
tensor(472.9771),tensor(292.6438),tensor(14.2413),tensor(21.9120)
tensor(253.4671),tensor(285.8776),tensor(17.2189),tensor(20.6353)
tensor(454.3386),tensor(401.4432),tensor(12.1848),tensor(14.9915)
tensor(294.8849),tensor(274.4936),tensor(10.7820),tensor(14.6239)
----- NEW FRAME -----
tensor(52.7227),tensor(340.9788),tensor(42.3606),tensor(53.2945)
tensor(464.6365),tensor(296.1428),tensor(16.3668),tensor(24.2063)
tensor(226.3601),tensor(289.4693),tensor(15.4048),tensor(21.2490)
tensor(632.1172),tensor(332.0756),tensor(15.7655),tensor(43.9230)
tensor(427.2678),tensor(280.0057),tensor(11.1774),tensor(15.7637)
tensor(273.6450),tensor(275.8602),tensor(10.6071),tensor(15.1333)
----- NEW FRAME -----
tensor(465.3035),tensor(301.6093),tensor(16.9564),tensor(27.4666)
tensor(202.6591),tensor(295.6115),tensor(16.9808),tensor(23.5714)
tensor(258.7755),tensor(278.2644),tensor(10.4636),tensor(14.1883)
tensor(421.7697),tensor(282.2722),tensor(12.0828),tensor(16.5046)
----- NEW FRAME -----
tensor(467.2213),tensor(308.0078),tensor(19.0933),tensor(31.4762)
tensor(174.6929),tensor(303.0256),tensor(19.5536),tensor(26.9821)
tensor(415.8255),tensor(285.5618),tensor(11.3843),tensor(18.3619)
tensor(242.6743),tensor(282.5339),tensor(11.0897),tensor(15.8115)
tensor(455.0024),tensor(401.8299),tensor(10.8457),tensor(13.5701)
----- NEW FRAME -----
tensor(141.1727),tensor(310.6780),tensor(22.7679),tensor(30.3730)
tensor(470.6293),tensor(315.1141),tensor(21.0065),tensor(31.2859)
tensor(409.7359),tensor(287.4030),tensor(11.7051),tensor(18.6390)
tensor(225.0126),tensor(284.7831),tensor(12.5151),tensor(16.9688)
tensor(370.9964),tensor(122.7191),tensor(14.0858),tensor(14.9332)
----- NEW FRAME -----
tensor(478.8784),tensor(319.7828),tensor(25.0374),tensor(37.5729)
tensor(404.0392),tensor(286.6775),tensor(13.1724),tensor(19.7648)
tensor(99.6125),tensor(314.3238),tensor(26.1721),tensor(37.3807)
tensor(205.2596),tensor(284.4829),tensor(13.8171),tensor(18.9534)
----- NEW FRAME -----
tensor(55.7254),tensor(319.7818),tensor(30.7017),tensor(40.3657)
tensor(498.0779),tensor(327.2654),tensor(27.8512),tensor(43.5497)
tensor(405.7637),tensor(286.2225),tensor(14.4913),tensor(20.7655)
tensor(190.4634),tensor(282.6436),tensor(14.3982),tensor(20.4276)
----- NEW FRAME -----
tensor(525.5744),tensor(343.5225),tensor(36.1976),tensor(54.6973)
tensor(407.8434),tensor(287.7617),tensor(15.4044),tensor(23.5837)
tensor(172.9161),tensor(283.3126),tensor(15.9267),tensor(22.1963)
tensor(7.8266),tensor(329.9604),tensor(15.6532),tensor(52.7172)
tensor(7.5539),tensor(342.7523),tensor(15.1077),tensor(26.8772)
tensor(372.1289),tensor(271.8112),tensor(11.1485),tensor(18.5730)
----- NEW FRAME -----
tensor(410.7445),tensor(291.1018),tensor(15.8870),tensor(26.7356)
tensor(570.3303),tensor(367.7965),tensor(44.9045),tensor(69.2459)
tensor(153.2768),tensor(287.3826),tensor(15.7325),tensor(23.2718)
tensor(371.1814),tensor(273.0186),tensor(10.6147),tensor(16.6787)
----- NEW FRAME -----
tensor(413.8348),tensor(297.6254),tensor(19.4174),tensor(27.9631)
tensor(126.9733),tensor(292.4552),tensor(18.0848),tensor(25.4050)
tensor(630.1936),tensor(394.8627),tensor(19.6127),tensor(58.6586)
tensor(368.9010),tensor(275.3889),tensor(10.3293),tensor(17.7880)
----- NEW FRAME -----
tensor(414.4589),tensor(303.7247),tensor(20.3018),tensor(33.2813)
tensor(92.3829),tensor(298.3597),tensor(21.2890),tensor(29.8645)
tensor(363.1356),tensor(277.5534),tensor(11.6003),tensor(19.4573)
tensor(341.9924),tensor(99.6011),tensor(16.3245),tensor(18.6200)
----- NEW FRAME -----
tensor(42.5835),tensor(310.9938),tensor(27.1117),tensor(37.4601)
tensor(414.4077),tensor(312.5240),tensor(22.2102),tensor(35.3162)
tensor(634.4219),tensor(82.5498),tensor(11.1562),tensor(20.6776)
tensor(355.1436),tensor(281.1117),tensor(12.5702),tensor(19.9628)
tensor(332.3063),tensor(100.9216),tensor(17.0173),tensor(15.7435)
----- NEW FRAME -----
tensor(411.1783),tensor(322.4217),tensor(26.1880),tensor(41.7808)
tensor(622.2903),tensor(80.2383),tensor(14.8018),tensor(21.4019)
tensor(342.2753),tensor(283.6685),tensor(13.4744),tensor(20.9077)
tensor(128.4816),tensor(285.1268),tensor(14.2327),tensor(18.4950)
tensor(317.8144),tensor(97.5559),tensor(17.2942),tensor(16.4917)
----- NEW FRAME -----
tensor(408.5476),tensor(333.0939),tensor(29.8660),tensor(47.3416)
tensor(329.1530),tensor(286.2274),tensor(14.3989),tensor(23.9451)
tensor(612.0349),tensor(78.0089),tensor(14.2847),tensor(21.1901)
tensor(92.8428),tensor(287.2839),tensor(17.4860),tensor(21.9465)
tensor(304.6537),tensor(89.7530),tensor(16.8620),tensor(23.4122)
----- NEW FRAME -----
tensor(414.0291),tensor(345.9849),tensor(33.6293),tensor(52.5983)
tensor(318.7499),tensor(285.5008),tensor(16.0723),tensor(24.4708)
tensor(55.1521),tensor(287.5756),tensor(19.3407),tensor(23.2630)
tensor(126.8980),tensor(271.9518),tensor(11.0617),tensor(15.2564)
tensor(606.8800),tensor(71.6074),tensor(13.5779),tensor(22.2693)
tensor(289.4781),tensor(271.0951),tensor(11.5298),tensor(16.1406)
----- NEW FRAME -----
tensor(312.0338),tensor(289.5347),tensor(17.4875),tensor(27.4178)
tensor(17.4011),tensor(292.6602),tensor(20.8709),tensor(26.9873)
tensor(432.6092),tensor(358.1936),tensor(22.4880),tensor(31.7587)
tensor(107.6426),tensor(274.8594),tensor(12.1605),tensor(16.9851)
tensor(606.6850),tensor(67.8511),tensor(14.9723),tensor(22.0047)
tensor(281.6902),tensor(272.8941),tensor(11.5481),tensor(17.1042)
----- NEW FRAME -----
tensor(305.7724),tensor(296.2831),tensor(19.4320),tensor(31.1412)
tensor(605.9843),tensor(67.3885),tensor(16.2533),tensor(22.6983)
tensor(85.4469),tensor(277.4479),tensor(13.5974),tensor(18.7344)
tensor(273.6895),tensor(276.7097),tensor(12.3115),tensor(17.8342)
----- NEW FRAME -----
tensor(359.0337),tensor(305.6573),tensor(23.2689),tensor(33.2000)
tensor(6.6199),tensor(305.4373),tensor(13.2397),tensor(35.8102)
----- NEW FRAME -----
tensor(73.4225),tensor(311.3609),tensor(26.5307),tensor(37.9473)
tensor(468.2618),tensor(316.7895),tensor(27.6233),tensor(43.6803)
----- NEW FRAME -----
tensor(93.1702),tensor(319.5863),tensor(31.3856),tensor(39.8467)
tensor(559.4667),tensor(331.8792),tensor(34.0470),tensor(49.5642)
tensor(243.0322),tensor(284.6678),tensor(13.2793),tensor(18.9716)
tensor(461.0919),tensor(288.0856),tensor(16.6619),tensor(23.8765)
----- NEW FRAME -----
tensor(57.6721),tensor(332.1107),tensor(36.2666),tensor(49.6518)
tensor(623.3390),tensor(353.7466),tensor(33.3220),tensor(61.4244)
tensor(483.9585),tensor(292.1470),tensor(16.2484),tensor(26.0541)
tensor(244.7271),tensor(287.5059),tensor(16.1887),tensor(22.0559)
----- NEW FRAME -----
tensor(239.9435),tensor(291.2557),tensor(15.6044),tensor(22.9240)
tensor(10.9973),tensor(351.2418),tensor(21.9946),tensor(62.4058)
tensor(505.3294),tensor(296.9696),tensor(18.5878),tensor(26.5095)
tensor(467.8880),tensor(277.5840),tensor(12.8353),tensor(18.4880)
tensor(25.6798),tensor(261.2890),tensor(8.6036),tensor(12.3599)
----- NEW FRAME -----
tensor(234.9964),tensor(296.6993),tensor(17.4801),tensor(25.1996)
tensor(532.9427),tensor(305.0552),tensor(21.9099),tensor(32.2139)
tensor(482.7706),tensor(281.4732),tensor(12.5332),tensor(18.1501)
----- NEW FRAME -----
tensor(228.1358),tensor(304.0420),tensor(20.8430),tensor(31.2020)
tensor(566.1890),tensor(313.7193),tensor(23.6733),tensor(35.3676)
tensor(307.2303),tensor(279.6674),tensor(12.3060),tensor(17.8760)
tensor(499.2950),tensor(285.6286),tensor(12.6852),tensor(20.0345)
----- NEW FRAME -----
tensor(610.2875),tensor(327.1425),tensor(27.9985),tensor(39.3732)
tensor(217.9343),tensor(313.5883),tensor(22.9866),tensor(34.1424)
tensor(490.3166),tensor(281.7852),tensor(11.4566),tensor(15.5679)
tensor(517.4977),tensor(290.9661),tensor(16.0374),tensor(21.4547)
tensor(309.8070),tensor(284.1483),tensor(12.0987),tensor(17.5181)
----- NEW FRAME -----
tensor(203.0026),tensor(326.0840),tensor(26.6598),tensor(40.1298)
tensor(538.4321),tensor(295.4117),tensor(14.6423),tensor(22.9143)
tensor(311.5641),tensor(287.4290),tensor(12.3861),tensor(21.0775)
tensor(504.4971),tensor(284.7318),tensor(11.3206),tensor(17.9521)
tensor(334.0177),tensor(279.3989),tensor(10.9642),tensor(12.3405)
----- NEW FRAME -----
tensor(180.7754),tensor(343.0728),tensor(31.4256),tensor(47.1897)
tensor(560.2356),tensor(300.7946),tensor(17.5074),tensor(26.8350)
tensor(311.4417),tensor(290.5204),tensor(14.2555),tensor(24.0471)
tensor(336.3428),tensor(281.3503),tensor(9.4595),tensor(14.2178)
tensor(517.6092),tensor(287.6206),tensor(12.8197),tensor(19.4921)
----- NEW FRAME -----
tensor(138.7491),tensor(363.3365),tensor(44.7040),tensor(63.1611)
tensor(578.5887),tensor(301.7710),tensor(18.3755),tensor(27.7046)
tensor(304.9835),tensor(292.1769),tensor(14.4344),tensor(25.5377)
tensor(331.5112),tensor(281.2056),tensor(11.1274),tensor(15.9078)
tensor(525.8008),tensor(286.8821),tensor(13.6370),tensor(21.0482)
----- NEW FRAME -----
tensor(547.8771),tensor(301.1751),tensor(20.4697),tensor(28.6006)
tensor(254.8182),tensor(292.7531),tensor(19.3244),tensor(25.0054)
tensor(254.7054),tensor(285.7178),tensor(20.1904),tensor(39.1077)
tensor(253.6462),tensor(271.3756),tensor(15.7374),tensor(14.4608)
tensor(289.4937),tensor(276.7890),tensor(13.4203),tensor(17.4364)
tensor(490.3483),tensor(284.2863),tensor(13.2066),tensor(19.1044)
----- NEW FRAME -----
tensor(533.6492),tensor(297.9424),tensor(22.0363),tensor(31.0385)
tensor(254.0003),tensor(273.9455),tensor(12.3737),tensor(18.2206)
tensor(210.7127),tensor(290.4457),tensor(19.9407),tensor(31.0587)
tensor(210.4068),tensor(282.0172),tensor(20.5988),tensor(47.6531)
tensor(466.9728),tensor(278.4487),tensor(13.2108),tensor(21.1437)
tensor(148.0602),tensor(262.7908),tensor(10.7371),tensor(13.4741)
----- NEW FRAME -----
tensor(187.3386),tensor(296.1839),tensor(23.7606),tensor(34.2391)
tensor(554.8015),tensor(303.0078),tensor(25.5391),tensor(38.6958)
tensor(241.0677),tensor(272.7110),tensor(14.1123),tensor(22.4467)
tensor(472.6187),tensor(279.3029),tensor(14.3005),tensor(23.0582)
tensor(129.8835),tensor(261.1638),tensor(11.8460),tensor(15.7832)
----- NEW FRAME -----
tensor(152.7429),tensor(304.8517),tensor(27.8129),tensor(39.1741)
tensor(580.9042),tensor(312.7253),tensor(29.1797),tensor(42.3111)
tensor(181.2227),tensor(267.7684),tensor(14.5027),tensor(18.7134)
tensor(224.2611),tensor(275.3401),tensor(16.0392),tensor(26.2548)
tensor(477.0156),tensor(283.7203),tensor(16.0922),tensor(25.5614)
tensor(106.2502),tensor(264.0397),tensor(12.4632),tensor(14.1368)
tensor(419.9376),tensor(274.4204),tensor(13.1512),tensor(18.0679)
tensor(430.1696),tensor(177.5603),tensor(30.2460),tensor(351.3905)
----- NEW FRAME -----
tensor(617.7909),tensor(330.2658),tensor(35.6040),tensor(49.4413)
tensor(104.6138),tensor(322.6946),tensor(36.3943),tensor(46.5541)
tensor(483.5443),tensor(292.0267),tensor(17.4402),tensor(27.2672)
tensor(204.6729),tensor(284.2896),tensor(18.2162),tensor(27.1187)
tensor(80.4454),tensor(270.4302),tensor(12.5187),tensor(14.6290)
tensor(419.1483),tensor(280.4656),tensor(13.2404),tensor(19.7009)
tensor(160.6627),tensor(274.2795),tensor(13.5694),tensor(18.4889)
----- NEW FRAME -----
tensor(34.2803),tensor(348.0172),tensor(47.4555),tensor(63.6819)
tensor(177.6004),tensor(294.5517),tensor(19.7252),tensor(27.7547)
tensor(491.5154),tensor(301.9696),tensor(19.4789),tensor(29.9504)
tensor(417.8390),tensor(287.3196),tensor(13.7792),tensor(22.6484)
tensor(132.8633),tensor(282.0803),tensor(16.1262),tensor(21.4493)
tensor(334.2519),tensor(279.6037),tensor(11.4019),tensor(15.7994)
tensor(3.9506),tensor(25.1484),tensor(7.9013),tensor(13.5303)
----- NEW FRAME -----
tensor(503.8177),tensor(313.1903),tensor(20.8766),tensor(34.5992)
tensor(145.8810),tensor(305.3799),tensor(23.9106),tensor(33.2010)
tensor(102.4533),tensor(289.2159),tensor(19.1967),tensor(22.6132)
tensor(417.2274),tensor(294.9022),tensor(14.0724),tensor(23.8705)
tensor(13.1987),tensor(279.0367),tensor(19.0402),tensor(27.2403)
tensor(326.2437),tensor(285.3380),tensor(12.7681),tensor(17.6426)
----- NEW FRAME -----
tensor(522.8073),tensor(327.2242),tensor(25.5645),tensor(39.1749)
tensor(106.5071),tensor(317.9259),tensor(27.4736),tensor(39.7701)
tensor(418.1821),tensor(303.7818),tensor(16.5597),tensor(26.3027)
tensor(69.2730),tensor(296.1775),tensor(20.5332),tensor(27.0788)
tensor(318.7720),tensor(291.4968),tensor(13.1720),tensor(19.5012)
----- NEW FRAME -----
tensor(549.1445),tensor(342.3033),tensor(30.8186),tensor(45.4044)
tensor(55.4162),tensor(333.8161),tensor(34.7575),tensor(44.7360)
tensor(28.8632),tensor(305.6757),tensor(22.3759),tensor(28.4460)
tensor(421.7178),tensor(312.1240),tensor(19.9003),tensor(31.9586)
tensor(311.4706),tensor(296.5077),tensor(13.8762),tensor(21.4664)
tensor(548.4556),tensor(333.5131),tensor(25.3540),tensor(28.9730)
----- NEW FRAME -----
tensor(580.7798),tensor(358.6713),tensor(38.7712),tensor(55.9592)
tensor(421.7419),tensor(318.6790),tensor(21.2426),tensor(34.1748)
tensor(298.6610),tensor(300.4209),tensor(15.2052),tensor(24.6104)
----- NEW FRAME -----
tensor(417.8704),tensor(318.5315),tensor(23.7991),tensor(37.9211)
tensor(618.6046),tensor(374.9140),tensor(42.7908),tensor(70.1280)
tensor(279.9385),tensor(297.2090),tensor(17.1447),tensor(25.9832)
tensor(180.5924),tensor(290.1854),tensor(15.4851),tensor(19.1140)
----- NEW FRAME -----
tensor(476.1027),tensor(325.0537),tensor(31.4816),tensor(42.5166)
tensor(310.0451),tensor(297.6062),tensor(20.4092),tensor(27.8494)
tensor(203.4293),tensor(287.1410),tensor(16.2774),tensor(21.9271)
----- NEW FRAME -----
tensor(396.0187),tensor(304.3098),tensor(24.2638),tensor(34.7910)
tensor(621.2158),tensor(347.0367),tensor(37.5685),tensor(56.7910)
tensor(275.8167),tensor(291.0121),tensor(17.2478),tensor(21.4396)
----- NEW FRAME -----
tensor(362.3127),tensor(297.4614),tensor(17.2257),tensor(23.5320)
tensor(515.8978),tensor(318.8988),tensor(29.0330),tensor(40.7058)
tensor(9.8659),tensor(344.5996),tensor(19.7318),tensor(54.3881)
----- NEW FRAME -----
tensor(30.3349),tensor(366.2990),tensor(48.6252),tensor(73.0413)
tensor(444.0669),tensor(307.0865),tensor(23.4455),tensor(32.1250)
tensor(315.3951),tensor(296.5085),tensor(16.2815),tensor(20.8945)
----- NEW FRAME -----
tensor(529.6931),tensor(319.2725),tensor(27.2117),tensor(39.0608)
tensor(30.4512),tensor(386.3451),tensor(38.5691),tensor(59.8463)
tensor(8.0397),tensor(329.8003),tensor(16.0794),tensor(46.6248)
tensor(370.7686),tensor(300.5235),tensor(17.1778),tensor(25.4800)
tensor(259.2562),tensor(289.3744),tensor(15.4128),tensor(22.9805)
tensor(226.7390),tensor(45.6491),tensor(9.5300),tensor(7.1447)
----- NEW FRAME -----
tensor(613.2435),tensor(332.1876),tensor(36.5574),tensor(48.5739)
tensor(412.9265),tensor(307.0202),tensor(20.2445),tensor(30.5949)
tensor(287.2700),tensor(293.9076),tensor(16.5966),tensor(24.7554)
----- NEW FRAME -----
tensor(433.9213),tensor(314.1550),tensor(21.8906),tensor(36.5068)
tensor(292.3705),tensor(297.2387),tensor(18.2102),tensor(26.9330)
tensor(181.3869),tensor(290.8288),tensor(16.6157),tensor(24.5942)
----- NEW FRAME -----
tensor(408.3049),tensor(323.4799),tensor(25.7933),tensor(40.8743)
tensor(251.5601),tensor(303.1849),tensor(19.9608),tensor(29.1169)
tensor(241.2774),tensor(36.9452),tensor(11.6915),tensor(10.2162)
----- NEW FRAME -----
tensor(385.6137),tensor(332.7018),tensor(29.2137),tensor(46.6240)
tensor(206.8101),tensor(308.5799),tensor(23.4590),tensor(34.0732)
tensor(208.1100),tensor(27.8012),tensor(12.5255),tensor(15.4667)
tensor(69.7422),tensor(299.0713),tensor(20.4365),tensor(29.8517)
----- NEW FRAME -----
tensor(216.6789),tensor(317.8165),tensor(26.1053),tensor(38.7527)
tensor(432.3645),tensor(349.9235),tensor(35.6110),tensor(57.3779)
tensor(68.1475),tensor(305.3470),tensor(23.2251),tensor(33.9802)
tensor(217.0475),tensor(25.8064),tensor(14.3652),tensor(17.4393)
----- NEW FRAME -----
tensor(301.1959),tensor(325.8570),tensor(27.8417),tensor(42.5673)
tensor(143.8066),tensor(308.5682),tensor(23.3841),tensor(36.1755)
tensor(592.9224),tensor(384.6040),tensor(49.7740),tensor(69.6353)
tensor(285.9500),tensor(28.4339),tensor(16.9181),tensor(17.0309)
----- NEW FRAME -----
tensor(222.4264),tensor(312.1400),tensor(25.0370),tensor(37.8663)
tensor(405.1810),tensor(342.0767),tensor(35.8754),tensor(51.2852)
tensor(359.6924),tensor(24.8168),tensor(14.5134),tensor(12.8610)
----- NEW FRAME -----
tensor(310.5092),tensor(320.6813),tensor(24.6935),tensor(42.6879)
tensor(559.2701),tensor(372.6300),tensor(47.6125),tensor(70.8677)
tensor(165.0552),tensor(295.8076),tensor(18.0929),tensor(24.6100)
----- NEW FRAME -----
tensor(415.1603),tensor(336.5377),tensor(34.4121),tensor(49.0812)
tensor(244.8011),tensor(299.5708),tensor(18.7219),tensor(26.9683)
----- NEW FRAME -----
tensor(570.0564),tensor(364.9236),tensor(45.5048),tensor(58.2068)
tensor(330.4739),tensor(304.8092),tensor(20.8708),tensor(29.7842)
----- NEW FRAME -----
tensor(434.7913),tensor(315.6395),tensor(26.7552),tensor(34.8300)
----- NEW FRAME -----
tensor(14.2260),tensor(349.2562),tensor(28.4519),tensor(58.2914)
tensor(538.5713),tensor(330.1954),tensor(31.7194),tensor(46.4570)
tensor(137.1389),tensor(293.0040),tensor(16.3956),tensor(24.0487)
tensor(370.1680),tensor(291.0699),tensor(13.4294),tensor(17.6573)
----- NEW FRAME -----
tensor(612.1514),tensor(349.0269),tensor(38.8354),tensor(56.2487)
tensor(395.2120),tensor(294.7603),tensor(14.1499),tensor(22.3110)
tensor(142.7234),tensor(297.5603),tensor(18.5078),tensor(26.1610)
tensor(517.7971),tensor(170.2566),tensor(26.4968),tensor(37.0373)
----- NEW FRAME -----
tensor(125.2830),tensor(302.5141),tensor(20.8453),tensor(28.2356)
tensor(404.3542),tensor(298.3804),tensor(16.4147),tensor(23.3813)
tensor(523.2653),tensor(172.0547),tensor(33.9293),tensor(45.6433)
----- NEW FRAME -----
tensor(88.4278),tensor(308.7007),tensor(23.3754),tensor(33.9971)
tensor(404.9758),tensor(303.0869),tensor(19.0070),tensor(28.5311)
----- NEW FRAME -----
tensor(400.9016),tensor(307.8289),tensor(19.8464),tensor(32.1504)
tensor(38.8338),tensor(316.2130),tensor(29.6168),tensor(38.2014)
----- NEW FRAME -----
tensor(404.8670),tensor(315.9954),tensor(22.9362),tensor(33.8790)
----- NEW FRAME -----
tensor(418.6086),tensor(325.2884),tensor(27.6293),tensor(41.9697)
----- NEW FRAME -----
tensor(457.7217),tensor(339.3218),tensor(34.4078),tensor(50.5767)
tensor(80.7771),tensor(294.5952),tensor(16.9249),tensor(24.6654)
----- NEW FRAME -----
tensor(547.8689),tensor(364.6460),tensor(46.8745),tensor(62.2526)
----- NEW FRAME -----
----- NEW FRAME -----
tensor(550.6721),tensor(308.4731),tensor(25.5459),tensor(37.3428)
tensor(219.0689),tensor(304.2548),tensor(20.5933),tensor(31.2168)
----- NEW FRAME -----
tensor(618.0536),tensor(322.6669),tensor(28.1216),tensor(38.6600)
tensor(232.8918),tensor(312.2376),tensor(22.9062),tensor(35.9372)
tensor(509.1276),tensor(287.7627),tensor(14.7285),tensor(21.7853)
----- NEW FRAME -----
tensor(223.4518),tensor(321.9029),tensor(25.4985),tensor(38.7145)
tensor(529.4298),tensor(291.7647),tensor(15.6863),tensor(24.0640)
----- NEW FRAME -----
tensor(204.9897),tensor(333.2890),tensor(29.6985),tensor(42.9767)
tensor(282.9399),tensor(289.0342),tensor(15.2435),tensor(23.3708)
tensor(544.5538),tensor(296.2094),tensor(16.1154),tensor(22.1133)
----- NEW FRAME -----
tensor(147.2102),tensor(350.0430),tensor(42.3058),tensor(57.5737)
tensor(534.6171),tensor(298.0030),tensor(18.1223),tensor(26.3253)
----- NEW FRAME -----
tensor(57.1427),tensor(373.1195),tensor(49.1718),tensor(72.8333)
tensor(515.8416),tensor(299.3231),tensor(17.8495),tensor(30.2101)
tensor(216.4380),tensor(295.4985),tensor(16.1349),tensor(26.2043)
tensor(412.7610),tensor(282.8740),tensor(12.9787),tensor(20.4567)
tensor(216.1022),tensor(287.2641),tensor(17.1724),tensor(42.2782)
----- NEW FRAME -----
tensor(524.8549),tensor(300.5093),tensor(20.6899),tensor(33.4963)
tensor(411.0468),tensor(281.7184),tensor(12.7358),tensor(20.7636)
tensor(198.0313),tensor(292.1033),tensor(21.2013),tensor(39.6360)
----- NEW FRAME -----
tensor(176.1577),tensor(294.5337),tensor(22.5975),tensor(44.1880)
tensor(536.8209),tensor(304.8922),tensor(23.3738),tensor(36.9409)
tensor(409.8341),tensor(282.4406),tensor(13.1066),tensor(20.9612)
----- NEW FRAME -----
tensor(552.1149),tensor(308.1994),tensor(24.3970),tensor(41.8511)
tensor(151.7525),tensor(292.5316),tensor(29.2703),tensor(41.7223)
tensor(150.2145),tensor(301.6884),tensor(26.9557),tensor(42.3851)
tensor(157.2327),tensor(282.5284),tensor(17.5206),tensor(22.0690)
tensor(407.8900),tensor(282.9914),tensor(13.9204),tensor(22.6150)
----- NEW FRAME -----
tensor(572.5779),tensor(314.5526),tensor(28.1514),tensor(47.8176)
tensor(115.7404),tensor(313.4872),tensor(29.2410),tensor(43.2699)
tensor(135.9122),tensor(286.2734),tensor(16.6228),tensor(25.2282)
tensor(406.6122),tensor(286.3926),tensor(15.3087),tensor(25.8468)
----- NEW FRAME -----
tensor(598.1343),tensor(328.4450),tensor(32.4763),tensor(50.6693)
tensor(72.2874),tensor(325.4466),tensor(33.4447),tensor(48.2065)
tensor(109.8051),tensor(290.2560),tensor(20.4181),tensor(28.5045)
tensor(404.8458),tensor(289.8346),tensor(17.6815),tensor(27.7935)
tensor(325.2019),tensor(279.1155),tensor(12.6882),tensor(20.5747)
tensor(54.4336),tensor(280.5288),tensor(17.1947),tensor(19.9915)
----- NEW FRAME -----
tensor(17.9373),tensor(342.0977),tensor(35.8746),tensor(56.3232)
tensor(77.8371),tensor(297.2719),tensor(21.3045),tensor(29.2212)
tensor(403.4077),tensor(293.5802),tensor(16.4733),tensor(28.5505)
tensor(626.9393),tensor(341.9754),tensor(26.1215),tensor(54.7339)
tensor(23.6900),tensor(284.6945),tensor(16.9687),tensor(21.1525)
tensor(317.0206),tensor(282.3950),tensor(14.4979),tensor(21.4861)
----- NEW FRAME -----
tensor(401.4658),tensor(299.0994),tensor(18.6924),tensor(30.1984)
tensor(38.6090),tensor(305.2130),tensor(23.7845),tensor(32.7391)
tensor(308.0713),tensor(287.1498),tensor(14.2417),tensor(22.5023)
----- NEW FRAME -----
tensor(397.2587),tensor(305.2075),tensor(21.1661),tensor(35.0220)
tensor(295.1967),tensor(290.0914),tensor(15.1523),tensor(26.2928)
----- NEW FRAME -----
tensor(395.6282),tensor(311.9114),tensor(22.1793),tensor(38.1986)
tensor(283.3192),tensor(294.0467),tensor(15.8881),tensor(27.2349)
----- NEW FRAME -----
tensor(394.3901),tensor(321.4327),tensor(25.8714),tensor(42.9178)
tensor(270.4316),tensor(298.4706),tensor(18.3761),tensor(30.3608)
----- NEW FRAME -----
tensor(416.7989),tensor(330.8907),tensor(30.6201),tensor(47.6727)
tensor(275.9556),tensor(303.9702),tensor(20.1436),tensor(32.0281)
tensor(136.4355),tensor(289.8221),tensor(15.4670),tensor(25.9203)
----- NEW FRAME -----
tensor(304.4415),tensor(310.0184),tensor(21.6985),tensor(35.5078)
tensor(475.9852),tensor(346.4388),tensor(38.3063),tensor(54.1658)
tensor(156.6253),tensor(292.7304),tensor(16.2186),tensor(27.2316)
----- NEW FRAME -----
tensor(557.0425),tensor(371.1258),tensor(50.5778),tensor(69.1404)
tensor(337.0242),tensor(317.6555),tensor(24.7384),tensor(40.1184)
tensor(177.7803),tensor(297.8853),tensor(17.4400),tensor(28.7092)
tensor(73.7312),tensor(289.7919),tensor(14.2446),tensor(23.8091)
----- NEW FRAME -----
tensor(374.5272),tensor(327.5433),tensor(27.5886),tensor(44.2380)
tensor(198.9185),tensor(299.6251),tensor(18.6260),tensor(27.8666)
tensor(92.5023),tensor(291.3096),tensor(16.7110),tensor(25.3654)
----- NEW FRAME -----
tensor(422.4922),tensor(340.0897),tensor(34.1044),tensor(51.9108)
tensor(220.6492),tensor(304.1434),tensor(20.5643),tensor(31.0959)
tensor(4.6627),tensor(287.5291),tensor(9.3254),tensor(22.4087)
----- NEW FRAME -----
tensor(486.1395),tensor(360.8907),tensor(44.7249),tensor(65.2611)
tensor(19.1021),tensor(290.4634),tensor(16.0864),tensor(25.1996)
tensor(129.6591),tensor(295.8366),tensor(17.6117),tensor(26.4948)
tensor(244.9138),tensor(308.6028),tensor(22.4197),tensor(35.3753)
----- NEW FRAME -----
tensor(269.8231),tensor(316.4828),tensor(23.6567),tensor(37.1112)
tensor(572.1810),tensor(390.7308),tensor(50.2152),tensor(75.8639)
tensor(148.8545),tensor(299.7507),tensor(19.7370),tensor(28.3016)
tensor(36.0683),tensor(293.3582),tensor(17.5160),tensor(25.1440)
----- NEW FRAME -----
tensor(318.4692),tensor(325.0874),tensor(27.7483),tensor(40.4855)
tensor(188.2218),tensor(303.7434),tensor(20.3387),tensor(30.4616)
----- NEW FRAME -----
tensor(403.3204),tensor(337.6081),tensor(32.2465),tensor(50.1484)
tensor(253.1417),tensor(306.1614),tensor(22.0656),tensor(32.2425)
----- NEW FRAME -----
tensor(519.6228),tensor(357.0552),tensor(41.9431),tensor(60.4768)
tensor(323.8247),tensor(310.2831),tensor(23.5551),tensor(37.5911)
----- NEW FRAME -----
tensor(398.1427),tensor(317.0378),tensor(26.1675),tensor(38.9272)
tensor(262.9474),tensor(298.4893),tensor(19.8050),tensor(30.2047)
tensor(147.1382),tensor(284.9216),tensor(16.4938),tensor(25.7069)
----- NEW FRAME -----
tensor(486.9573),tensor(330.0313),tensor(33.3516),tensor(45.9492)
tensor(324.8934),tensor(302.9456),tensor(21.8303),tensor(32.0479)
----- NEW FRAME -----
tensor(576.2743),tensor(349.9111),tensor(37.1016),tensor(55.9987)
tensor(238.4563),tensor(291.0880),tensor(16.7385),tensor(27.0090)
tensor(371.4734),tensor(311.3258),tensor(22.2970),tensor(36.5524)
----- NEW FRAME -----
tensor(625.8867),tensor(372.7984),tensor(28.2266),tensor(63.7231)
tensor(380.8358),tensor(322.0951),tensor(24.7742),tensor(41.2987)
tensor(234.3278),tensor(296.6520),tensor(16.7833),tensor(27.3769)
tensor(115.3975),tensor(278.5438),tensor(12.6042),tensor(19.2387)
----- NEW FRAME -----
tensor(224.5706),tensor(302.8999),tensor(19.3301),tensor(29.8737)
tensor(389.2289),tensor(333.5935),tensor(28.5656),tensor(42.9766)
tensor(100.2601),tensor(278.4605),tensor(16.6122),tensor(26.4348)
----- NEW FRAME -----
tensor(400.1082),tensor(345.8268),tensor(33.1044),tensor(50.5678)
tensor(214.2895),tensor(309.8165),tensor(20.9632),tensor(34.6545)
tensor(89.0939),tensor(281.4050),tensor(14.2094),tensor(27.4600)
----- NEW FRAME -----
tensor(198.7489),tensor(314.6207),tensor(23.9149),tensor(36.4674)
tensor(414.3097),tensor(354.7278),tensor(26.0878),tensor(38.6208)
----- NEW FRAME -----
tensor(190.6552),tensor(320.2523),tensor(26.2108),tensor(41.6950)
tensor(57.2866),tensor(286.6671),tensor(15.9455),tensor(22.0483)
----- NEW FRAME -----
tensor(253.2849),tensor(328.7275),tensor(30.1191),tensor(50.1176)
----- NEW FRAME -----
tensor(321.2750),tensor(340.7277),tensor(33.2870),tensor(54.6782)
tensor(172.1147),tensor(284.9863),tensor(20.5874),tensor(34.2511)
----- NEW FRAME -----
tensor(217.0992),tensor(288.9045),tensor(20.2308),tensor(34.5301)
tensor(394.4791),tensor(351.3893),tensor(28.6030),tensor(42.9702)
----- NEW FRAME -----
tensor(288.2051),tensor(295.3936),tensor(21.3986),tensor(33.3740)
tensor(536.5234),tensor(397.6742),tensor(47.7815),tensor(78.9855)
----- NEW FRAME -----
tensor(357.1619),tensor(303.3366),tensor(22.3538),tensor(32.5898)
tensor(345.2722),tensor(286.3436),tensor(14.4703),tensor(21.0078)
tensor(73.6751),tensor(287.2036),tensor(15.5689),tensor(21.2055)
tensor(147.4722),tensor(280.1911),tensor(12.1410),tensor(14.6346)
----- NEW FRAME -----
tensor(364.9099),tensor(309.8375),tensor(22.9290),tensor(35.2162)
tensor(57.1773),tensor(288.9535),tensor(16.5132),tensor(23.2430)
tensor(358.8929),tensor(289.5370),tensor(22.8228),tensor(23.6375)
tensor(349.8641),tensor(289.1346),tensor(16.5223),tensor(23.4244)
tensor(371.0587),tensor(280.5067),tensor(12.6176),tensor(18.0360)
tensor(401.1363),tensor(274.9346),tensor(10.0453),tensor(15.3539)
tensor(140.3717),tensor(279.9099),tensor(11.9360),tensor(17.6016)
----- NEW FRAME -----
tensor(366.3596),tensor(316.7082),tensor(24.4166),tensor(37.9364)
tensor(348.6533),tensor(291.1107),tensor(16.5969),tensor(25.1002)
tensor(123.7219),tensor(280.8989),tensor(12.7929),tensor(17.3141)
----- NEW FRAME -----
tensor(366.1673),tensor(324.9585),tensor(27.3953),tensor(44.8680)
tensor(346.1888),tensor(294.8454),tensor(17.7231),tensor(27.7793)
tensor(401.0006),tensor(276.5861),tensor(12.1265),tensor(17.3712)
tensor(369.4910),tensor(283.5007),tensor(13.8751),tensor(20.0159)
----- NEW FRAME -----
tensor(377.1775),tensor(339.4576),tensor(32.4788),tensor(50.2825)
tensor(351.6205),tensor(300.7152),tensor(19.0360),tensor(29.0505)
tensor(92.1394),tensor(287.2288),tensor(14.8050),tensor(22.4105)
tensor(376.2156),tensor(287.2703),tensor(14.0997),tensor(21.8079)
tensor(408.9106),tensor(279.4361),tensor(12.8137),tensor(17.5891)
----- NEW FRAME -----
tensor(400.7502),tensor(308.6655),tensor(22.1598),tensor(33.3954)
tensor(448.4990),tensor(354.8932),tensor(33.8641),tensor(47.2274)
tensor(422.3639),tensor(292.9802),tensor(19.0955),tensor(24.3824)
tensor(122.6946),tensor(292.7111),tensor(15.6351),tensor(22.2979)
----- NEW FRAME -----
tensor(50.0595),tensor(315.1552),tensor(26.8857),tensor(34.7548)
tensor(499.4664),tensor(321.3302),tensor(26.3929),tensor(39.7059)
tensor(188.9577),tensor(296.2822),tensor(18.8002),tensor(23.2428)
tensor(601.2114),tensor(388.1820),tensor(46.1455),tensor(56.0615)
tensor(510.7846),tensor(300.3853),tensor(22.3965),tensor(26.3992)
tensor(307.6757),tensor(283.5442),tensor(14.4310),tensor(18.6023)
----- NEW FRAME -----
tensor(102.8361),tensor(318.5174),tensor(26.0766),tensor(38.9758)
tensor(614.3127),tensor(324.5715),tensor(34.1746),tensor(74.9965)
tensor(247.8956),tensor(297.8212),tensor(16.7221),tensor(23.8210)
tensor(613.8644),tensor(308.7652),tensor(28.3867),tensor(36.0111)
tensor(613.7056),tensor(338.7095),tensor(32.5798),tensor(44.2548)
tensor(370.6214),tensor(285.9867),tensor(13.4470),tensor(20.6509)
tensor(636.9708),tensor(294.5490),tensor(6.0583),tensor(23.4462)
----- NEW FRAME -----
tensor(84.8141),tensor(329.9481),tensor(30.1030),tensor(47.1390)
tensor(252.0396),tensor(303.5788),tensor(18.3126),tensor(26.3419)
tensor(383.4294),tensor(290.2548),tensor(14.1096),tensor(21.2555)
----- NEW FRAME -----
tensor(46.8840),tensor(345.6308),tensor(36.3884),tensor(51.9402)
tensor(245.4492),tensor(311.1171),tensor(20.0291),tensor(30.9882)
tensor(387.7830),tensor(295.5890),tensor(13.8585),tensor(20.9849)
tensor(545.7921),tensor(278.3579),tensor(10.7771),tensor(12.8713)
----- NEW FRAME -----
tensor(231.5365),tensor(317.6760),tensor(22.4483),tensor(33.8685)
tensor(387.3401),tensor(298.5390),tensor(14.8514),tensor(21.1846)
tensor(548.3722),tensor(278.5656),tensor(8.8384),tensor(12.8752)
tensor(465.7482),tensor(288.4686),tensor(12.6952),tensor(19.0656)
----- NEW FRAME -----
tensor(190.3067),tensor(325.9565),tensor(27.4356),tensor(39.0005)
tensor(365.6849),tensor(300.8333),tensor(17.1353),tensor(24.3699)
tensor(529.5853),tensor(278.6155),tensor(11.4561),tensor(13.6580)
tensor(446.8994),tensor(290.4737),tensor(13.7677),tensor(19.8260)
----- NEW FRAME -----
tensor(110.0749),tensor(335.1223),tensor(33.7390),tensor(41.5695)
tensor(319.6861),tensor(301.4734),tensor(16.6599),tensor(25.4622)
tensor(405.1225),tensor(288.1146),tensor(14.3572),tensor(21.1568)
----- NEW FRAME -----
tensor(60.6198),tensor(345.8448),tensor(38.5133),tensor(51.4454)
tensor(308.2677),tensor(303.0733),tensor(18.9283),tensor(27.1511)
tensor(398.4952),tensor(287.2319),tensor(14.1631),tensor(22.1837)
tensor(481.3641),tensor(273.7923),tensor(10.9791),tensor(13.0377)
----- NEW FRAME -----
tensor(13.0147),tensor(363.0350),tensor(26.0295),tensor(61.6008)
tensor(299.5235),tensor(306.8159),tensor(19.3813),tensor(30.3304)
tensor(397.0738),tensor(288.8622),tensor(15.9431),tensor(23.3965)
tensor(455.2839),tensor(276.9960),tensor(13.8080),tensor(23.0253)
----- NEW FRAME -----
tensor(283.2874),tensor(312.0391),tensor(22.7379),tensor(34.5752)
tensor(389.0856),tensor(290.1390),tensor(16.5963),tensor(24.1968)
tensor(448.7792),tensor(273.8634),tensor(12.2633),tensor(28.3248)
tensor(474.7025),tensor(271.5137),tensor(12.5837),tensor(16.9419)
----- NEW FRAME -----
tensor(246.3627),tensor(317.9357),tensor(26.3105),tensor(38.8220)
tensor(365.7975),tensor(290.5717),tensor(17.8690),tensor(24.4421)
tensor(426.6702),tensor(273.6077),tensor(13.7963),tensor(28.3638)
tensor(453.7745),tensor(269.3889),tensor(15.2694),tensor(18.7925)
----- NEW FRAME -----
tensor(177.6507),tensor(324.6075),tensor(32.4182),tensor(43.3474)
tensor(320.9226),tensor(289.0808),tensor(16.5930),tensor(26.0551)
tensor(386.6382),tensor(270.5771),tensor(15.4263),tensor(27.8462)
----- NEW FRAME -----
tensor(90.8574),tensor(335.4231),tensor(41.7377),tensor(54.6980)
tensor(274.3632),tensor(289.7062),tensor(20.0011),tensor(28.6559)
tensor(347.3289),tensor(268.1328),tensor(16.2700),tensor(31.3896)
tensor(631.7837),tensor(278.8250),tensor(16.2383),tensor(22.3052)
tensor(375.0049),tensor(264.7976),tensor(16.0126),tensor(17.7482)
tensor(90.6693),tensor(350.0915),tensor(40.1970),tensor(22.2490)
tensor(90.6762),tensor(353.5585),tensor(40.2640),tensor(15.6881)
----- NEW FRAME -----
tensor(232.5869),tensor(295.9277),tensor(22.2458),tensor(33.2499)
tensor(612.6045),tensor(280.1765),tensor(18.1318),tensor(24.3329)
tensor(347.1714),tensor(265.6662),tensor(14.2614),tensor(19.2794)
tensor(316.6053),tensor(274.6885),tensor(16.9839),tensor(22.6938)
tensor(8.7302),tensor(356.5629),tensor(17.4604),tensor(56.3710)
----- NEW FRAME -----
tensor(197.9284),tensor(304.6820),tensor(23.8936),tensor(34.0013)
tensor(609.0964),tensor(285.9464),tensor(16.8776),tensor(25.8300)
tensor(329.7761),tensor(269.8272),tensor(13.9253),tensor(19.6268)
tensor(295.2175),tensor(280.3164),tensor(16.4852),tensor(23.8390)
----- NEW FRAME -----
tensor(158.0234),tensor(317.0244),tensor(27.8268),tensor(41.6487)
tensor(610.3229),tensor(293.0172),tensor(18.0195),tensor(28.1959)
tensor(275.2416),tensor(286.3243),tensor(16.3568),tensor(24.6809)
tensor(313.2903),tensor(273.5810),tensor(15.2323),tensor(21.7650)
----- NEW FRAME -----
tensor(110.0815),tensor(330.2678),tensor(35.1970),tensor(49.3457)
tensor(616.5461),tensor(298.9169),tensor(20.2734),tensor(30.0241)
tensor(253.9866),tensor(292.3883),tensor(19.6949),tensor(27.4423)
tensor(297.9741),tensor(277.7766),tensor(13.7300),tensor(22.3162)
tensor(270.2867),tensor(268.8304),tensor(11.2804),tensor(15.8988)
----- NEW FRAME -----
tensor(40.9853),tensor(348.4859),tensor(46.7325),tensor(61.4943)
tensor(228.5128),tensor(296.7678),tensor(21.4389),tensor(31.8135)
tensor(622.6500),tensor(303.6151),tensor(21.8164),tensor(32.1936)
tensor(279.2304),tensor(280.1419),tensor(17.0942),tensor(24.3613)
tensor(251.2648),tensor(269.1261),tensor(10.7756),tensor(15.8749)
----- NEW FRAME -----
tensor(180.8102),tensor(302.9047),tensor(24.0931),tensor(33.9329)
tensor(613.3683),tensor(306.5852),tensor(22.7231),tensor(32.0185)
tensor(245.7331),tensor(282.0144),tensor(18.4655),tensor(27.5421)
----- NEW FRAME -----
tensor(602.2971),tensor(312.3414),tensor(23.5305),tensor(36.6756)
tensor(121.1856),tensor(312.1011),tensor(28.9781),tensor(37.8828)
tensor(206.1938),tensor(286.2822),tensor(20.2886),tensor(29.1733)
----- NEW FRAME -----
tensor(47.1202),tensor(325.8179),tensor(35.8184),tensor(45.6215)
tensor(595.8293),tensor(320.1439),tensor(25.7529),tensor(38.9573)
tensor(161.9179),tensor(292.7874),tensor(26.1348),tensor(32.9075)
----- NEW FRAME -----
tensor(591.7004),tensor(328.5932),tensor(30.1948),tensor(47.0021)
tensor(105.5853),tensor(302.7792),tensor(22.4392),tensor(29.9104)
tensor(122.7656),tensor(287.7387),tensor(15.8970),tensor(23.3102)
----- NEW FRAME -----
tensor(614.3775),tensor(342.6176),tensor(34.4922),tensor(49.0704)
tensor(61.7092),tensor(300.9485),tensor(25.4308),tensor(52.9411)
tensor(87.3644),tensor(292.7568),tensor(17.5045),tensor(24.6406)
tensor(61.4228),tensor(307.3570),tensor(24.6574),tensor(36.9198)
tensor(17.4962),tensor(278.0395),tensor(13.2165),tensor(13.1612)
tensor(416.6777),tensor(295.6992),tensor(17.3232),tensor(26.5595)
----- NEW FRAME -----
tensor(15.7134),tensor(318.6242),tensor(31.3863),tensor(41.1263)
tensor(55.9144),tensor(298.5806),tensor(18.6907),tensor(26.4250)
tensor(415.9397),tensor(300.7075),tensor(18.3927),tensor(29.6387)
tensor(36.2260),tensor(285.6505),tensor(15.9751),tensor(23.7038)
----- NEW FRAME -----
tensor(417.3273),tensor(305.4119),tensor(19.1992),tensor(35.0004)
tensor(296.5491),tensor(288.8272),tensor(13.9528),tensor(23.6598)
tensor(20.7455),tensor(304.6609),tensor(23.1389),tensor(29.8034)
tensor(7.1991),tensor(289.9985),tensor(14.3981),tensor(22.1172)
----- NEW FRAME -----
tensor(418.2227),tensor(311.8977),tensor(19.9288),tensor(35.1682)
tensor(285.9927),tensor(293.3782),tensor(15.5321),tensor(22.8787)
----- NEW FRAME -----
tensor(417.2067),tensor(319.6445),tensor(23.1622),tensor(39.7208)
tensor(272.0668),tensor(296.6844),tensor(16.0134),tensor(25.2743)
tensor(172.2545),tensor(284.3203),tensor(13.9130),tensor(19.9050)
----- NEW FRAME -----
tensor(421.3766),tensor(331.9471),tensor(26.9901),tensor(44.7797)
tensor(154.7037),tensor(289.0473),tensor(13.5251),tensor(20.7332)
tensor(260.7488),tensor(304.1914),tensor(18.4292),tensor(28.1197)
----- NEW FRAME -----
tensor(435.7261),tensor(343.5135),tensor(32.8507),tensor(50.2983)
tensor(253.1377),tensor(306.6032),tensor(19.8036),tensor(29.6428)
tensor(141.6246),tensor(291.2602),tensor(15.9452),tensor(22.3024)
tensor(49.6134),tensor(283.8680),tensor(10.2460),tensor(16.6513)
----- NEW FRAME -----
tensor(299.5830),tensor(311.3231),tensor(22.2523),tensor(31.4899)
tensor(527.0369),tensor(363.1003),tensor(42.8833),tensor(59.1016)
tensor(183.7601),tensor(291.4067),tensor(16.7423),tensor(22.0813)
tensor(92.3896),tensor(283.3772),tensor(13.2591),tensor(17.0192)
----- NEW FRAME -----
tensor(372.9726),tensor(312.6413),tensor(23.4900),tensor(35.1730)
tensor(247.0372),tensor(288.3237),tensor(17.4609),tensor(23.3058)
tensor(157.3755),tensor(279.3848),tensor(11.8623),tensor(17.5814)
----- NEW FRAME -----
tensor(466.6538),tensor(319.7756),tensor(27.8293),tensor(39.5079)
tensor(315.2742),tensor(287.8520),tensor(16.6533),tensor(24.2792)
----- NEW FRAME -----
tensor(576.2430),tensor(336.4299),tensor(35.1440),tensor(48.3931)
tensor(56.5117),tensor(300.8773),tensor(29.5775),tensor(54.0839)
tensor(382.6260),tensor(292.0469),tensor(19.0480),tensor(25.5657)
tensor(23.4236),tensor(274.4458),tensor(15.1654),tensor(19.1151)
tensor(55.2771),tensor(308.8188),tensor(27.2585),tensor(34.8514)
tensor(57.2643),tensor(289.5342),tensor(29.2491),tensor(31.7068)
tensor(283.0769),tensor(276.7519),tensor(11.6676),tensor(18.2770)
tensor(191.2216),tensor(269.3441),tensor(9.7661),tensor(14.6288)
tensor(62.8520),tensor(284.9199),tensor(17.8157),tensor(22.2800)
----- NEW FRAME -----
tensor(421.4705),tensor(299.3140),tensor(20.0442),tensor(29.8351)
tensor(62.3067),tensor(317.5166),tensor(30.0900),tensor(40.0117)
tensor(78.5287),tensor(289.5428),tensor(19.2527),tensor(23.7930)
tensor(42.2598),tensor(277.8497),tensor(13.6019),tensor(19.8279)
tensor(310.8374),tensor(280.8238),tensor(12.3507),tensor(19.4443)
----- NEW FRAME -----
tensor(29.3476),tensor(329.1746),tensor(34.2754),tensor(48.5541)
tensor(436.7866),tensor(305.2526),tensor(21.5802),tensor(34.0479)
tensor(62.3197),tensor(294.4058),tensor(20.4871),tensor(26.3308)
tensor(28.9791),tensor(280.7929),tensor(15.6069),tensor(20.5153)
tensor(314.4990),tensor(283.4917),tensor(12.3224),tensor(21.6408)
tensor(147.1079),tensor(269.7016),tensor(10.7316),tensor(16.1410)
----- NEW FRAME -----
tensor(450.4679),tensor(312.2811),tensor(24.1107),tensor(37.6323)
tensor(37.6730),tensor(298.2271),tensor(21.5096),tensor(29.6249)
tensor(8.1531),tensor(282.7096),tensor(16.3062),tensor(21.6536)
tensor(314.9921),tensor(285.8022),tensor(11.9502),tensor(23.1932)
tensor(139.1587),tensor(270.3630),tensor(10.3364),tensor(17.0818)
----- NEW FRAME -----
tensor(467.5790),tensor(319.1697),tensor(26.1483),tensor(41.3629)
tensor(8.9798),tensor(302.0722),tensor(17.9596),tensor(33.9946)
tensor(313.6917),tensor(287.9085),tensor(13.7214),tensor(24.6152)
tensor(202.0163),tensor(275.1902),tensor(12.6029),tensor(18.5481)
tensor(130.4277),tensor(270.2227),tensor(11.0234),tensor(16.7216)
----- NEW FRAME -----
tensor(490.6589),tensor(329.7064),tensor(32.0933),tensor(48.0334)
tensor(312.9236),tensor(290.8975),tensor(16.4342),tensor(28.2895)
tensor(122.2217),tensor(271.4907),tensor(11.0385),tensor(17.0812)
tensor(195.6070),tensor(276.8445),tensor(13.1761),tensor(20.1455)
----- NEW FRAME -----
tensor(522.5733),tensor(344.2501),tensor(38.3250),tensor(55.4121)
tensor(312.1502),tensor(297.7198),tensor(17.8698),tensor(29.4104)
tensor(187.0128),tensor(280.7178),tensor(13.5937),tensor(20.7374)
----- NEW FRAME -----
tensor(616.8916),tensor(372.0637),tensor(45.6320),tensor(65.8897)
tensor(347.5176),tensor(304.7570),tensor(21.0332),tensor(32.8167)
tensor(211.6924),tensor(285.0435),tensor(14.6897),tensor(21.2635)
tensor(135.0044),tensor(278.7991),tensor(13.3248),tensor(16.7413)
----- NEW FRAME -----
tensor(412.),tensor(316.8483),tensor(25.0232),tensor(36.4852)
tensor(260.0601),tensor(289.8248),tensor(16.4025),tensor(22.9501)
----- NEW FRAME -----
tensor(494.7621),tensor(327.6749),tensor(31.9249),tensor(43.5167)
tensor(20.4152),tensor(305.2437),tensor(23.5698),tensor(33.4330)
tensor(312.4190),tensor(293.3979),tensor(16.4295),tensor(24.6458)
tensor(232.9340),tensor(283.9809),tensor(12.7679),tensor(17.2294)
----- NEW FRAME -----
tensor(26.5842),tensor(307.0608),tensor(27.1044),tensor(36.9878)
tensor(562.1245),tensor(339.8192),tensor(35.4352),tensor(48.3427)
tensor(343.2073),tensor(294.9432),tensor(18.0405),tensor(25.7408)
tensor(4.8044),tensor(289.1157),tensor(9.6088),tensor(26.3203)
tensor(257.6874),tensor(282.6503),tensor(13.4357),tensor(19.7785)
----- NEW FRAME -----
tensor(12.6926),tensor(310.7743),tensor(25.3852),tensor(40.7642)
tensor(361.5521),tensor(295.3552),tensor(18.5203),tensor(28.7657)
tensor(625.0209),tensor(355.9064),tensor(29.9581),tensor(58.7612)
tensor(268.4294),tensor(281.5160),tensor(14.6000),tensor(21.0717)
----- NEW FRAME -----
tensor(372.9696),tensor(303.0555),tensor(21.8751),tensor(32.3867)
tensor(270.6249),tensor(285.2513),tensor(15.3157),tensor(23.1313)
----- NEW FRAME -----
tensor(398.3480),tensor(312.7546),tensor(23.4925),tensor(34.8117)
tensor(283.7301),tensor(291.4205),tensor(16.0417),tensor(27.0609)
----- NEW FRAME -----
tensor(461.8085),tensor(324.3712),tensor(28.6759),tensor(41.2113)
tensor(325.2752),tensor(298.2022),tensor(18.8126),tensor(24.6927)
----- NEW FRAME -----
tensor(14.2029),tensor(312.0828),tensor(28.4059),tensor(52.9833)
tensor(557.1238),tensor(339.4187),tensor(37.7693),tensor(47.9725)
tensor(281.7702),tensor(287.8473),tensor(14.6597),tensor(20.9406)
tensor(381.0597),tensor(301.8840),tensor(20.6223),tensor(29.6852)
tensor(13.4155),tensor(317.3269),tensor(26.8309),tensor(39.5061)
----- NEW FRAME -----
tensor(48.9128),tensor(322.5976),tensor(33.5469),tensor(42.7604)
tensor(446.6879),tensor(307.7589),tensor(21.5996),tensor(30.8500)
tensor(59.5705),tensor(300.9188),tensor(21.9200),tensor(28.9885)
tensor(39.8364),tensor(288.1148),tensor(18.5691),tensor(23.2274)
tensor(331.7946),tensor(288.5874),tensor(15.6372),tensor(22.4988)
----- NEW FRAME -----
tensor(505.1371),tensor(315.9085),tensor(26.0546),tensor(37.1066)
tensor(55.4077),tensor(330.8663),tensor(33.2907),tensor(47.1193)
tensor(76.0804),tensor(304.6136),tensor(25.0209),tensor(34.8812)
tensor(368.2094),tensor(291.6860),tensor(16.5612),tensor(23.9327)
tensor(61.4015),tensor(288.9117),tensor(18.6058),tensor(25.2856)
----- NEW FRAME -----
tensor(537.5616),tensor(324.9641),tensor(29.4087),tensor(43.7783)
tensor(18.3907),tensor(344.7502),tensor(36.7814),tensor(55.6491)
tensor(53.9640),tensor(305.0144),tensor(28.1521),tensor(49.7822)
tensor(377.7702),tensor(295.7376),tensor(15.9675),tensor(26.8705)
tensor(50.2031),tensor(292.5500),tensor(23.7909),tensor(24.8329)
----- NEW FRAME -----
tensor(572.0857),tensor(338.4636),tensor(35.2512),tensor(49.2002)
tensor(20.2769),tensor(310.6976),tensor(31.1936),tensor(58.7460)
tensor(383.1863),tensor(299.2704),tensor(18.3400),tensor(29.7114)
tensor(19.1933),tensor(322.8409),tensor(29.2510),tensor(33.8907)
tensor(67.7818),tensor(271.3011),tensor(12.5143),tensor(17.1456)
----- NEW FRAME -----
tensor(624.8014),tensor(353.9782),tensor(30.3973),tensor(54.5656)
tensor(398.4300),tensor(305.0076),tensor(20.6577),tensor(32.8008)
tensor(6.9915),tensor(301.9531),tensor(13.9830),tensor(31.1049)
tensor(274.0474),tensor(287.9008),tensor(14.2170),tensor(23.3701)
tensor(625.5074),tensor(361.8936),tensor(28.9850),tensor(37.6729)
----- NEW FRAME -----
tensor(435.7270),tensor(312.7914),tensor(23.1421),tensor(36.1877)
tensor(293.4682),tensor(291.2153),tensor(17.1321),tensor(26.1576)
tensor(7.0138),tensor(306.0492),tensor(14.0277),tensor(34.5232)
----- NEW FRAME -----
tensor(481.8380),tensor(322.9400),tensor(27.8828),tensor(40.3368)
tensor(6.5782),tensor(313.5512),tensor(13.1563),tensor(37.2900)
tensor(317.1505),tensor(296.4785),tensor(18.1208),tensor(25.1418)
----- NEW FRAME -----
tensor(11.6183),tensor(317.3116),tensor(23.2367),tensor(41.3229)
tensor(555.5613),tensor(336.3650),tensor(36.1831),tensor(50.4828)
tensor(353.5990),tensor(299.1197),tensor(18.9946),tensor(29.9441)
tensor(228.0298),tensor(284.6378),tensor(14.9450),tensor(22.1694)
----- NEW FRAME -----
tensor(37.9180),tensor(325.5761),tensor(32.6888),tensor(44.7164)
tensor(411.7787),tensor(304.8974),tensor(22.4423),tensor(32.7932)
tensor(273.3711),tensor(286.7709),tensor(15.1213),tensor(22.8671)
tensor(84.6699),tensor(272.3532),tensor(12.2982),tensor(15.7007)
----- NEW FRAME -----
tensor(32.0543),tensor(303.7177),tensor(23.6158),tensor(33.1387)
tensor(69.2691),tensor(335.7545),tensor(36.2078),tensor(53.7441)
tensor(485.2315),tensor(314.5203),tensor(27.8272),tensor(37.4382)
tensor(322.5670),tensor(289.3430),tensor(16.0819),tensor(25.1625)
tensor(131.5111),tensor(273.3847),tensor(11.7520),tensor(15.6765)
----- NEW FRAME -----
tensor(66.8998),tensor(349.9228),tensor(42.2481),tensor(59.0742)
tensor(41.9391),tensor(306.4074),tensor(25.0461),tensor(35.5863)
tensor(549.0479),tensor(325.4060),tensor(29.0045),tensor(41.6403)
tensor(355.5829),tensor(294.3211),tensor(17.2590),tensor(26.6046)
tensor(156.1108),tensor(273.6309),tensor(11.5265),tensor(16.1561)
tensor(67.0000),tensor(357.5010),tensor(41.6234),tensor(40.2797)
tensor(66.2993),tensor(368.6304),tensor(40.4667),tensor(18.2205)
----- NEW FRAME -----
tensor(23.1726),tensor(313.7260),tensor(28.6788),tensor(39.5043)
tensor(603.6958),tensor(339.5272),tensor(36.2705),tensor(48.2203)
tensor(28.0098),tensor(371.1517),tensor(53.5567),tensor(79.6178)
tensor(372.2655),tensor(299.6536),tensor(19.4067),tensor(30.1672)
----- NEW FRAME -----
tensor(32.2403),tensor(319.7304),tensor(32.6469),tensor(44.1285)
tensor(417.2309),tensor(304.1796),tensor(23.0736),tensor(34.5164)
tensor(15.6479),tensor(388.0333),tensor(31.2959),tensor(63.8366)
----- NEW FRAME -----
tensor(38.9773),tensor(329.8063),tensor(34.7291),tensor(51.0751)
tensor(472.7705),tensor(311.3304),tensor(25.9644),tensor(38.5912)
tensor(6.8156),tensor(292.1183),tensor(13.6311),tensor(41.7050)
tensor(5.9196),tensor(283.3109),tensor(11.8391),tensor(23.5247)
tensor(306.1406),tensor(286.8748),tensor(15.7933),tensor(25.3275)
----- NEW FRAME -----
tensor(503.6661),tensor(324.0630),tensor(30.4901),tensor(43.7613)
tensor(8.9855),tensor(347.0590),tensor(17.9709),tensor(62.6335)
tensor(311.5332),tensor(291.9656),tensor(17.7373),tensor(29.9431)
tensor(219.7474),tensor(279.7258),tensor(13.1406),tensor(19.7950)
----- NEW FRAME -----
tensor(529.4630),tensor(335.8141),tensor(34.6577),tensor(50.6942)
tensor(307.0161),tensor(296.6668),tensor(18.7424),tensor(31.1561)
----- NEW FRAME -----
tensor(609.0284),tensor(355.7490),tensor(44.0811),tensor(61.0979)
tensor(331.7549),tensor(303.4623),tensor(21.4777),tensor(32.8419)
tensor(226.2596),tensor(287.3771),tensor(13.9846),tensor(22.6608)
----- NEW FRAME -----
tensor(398.8088),tensor(311.0118),tensor(24.6244),tensor(35.7285)
tensor(9.6823),tensor(303.7426),tensor(19.3647),tensor(27.9730)
tensor(280.1560),tensor(291.2333),tensor(17.3345),tensor(22.9022)
----- NEW FRAME -----
tensor(495.4623),tensor(323.3803),tensor(31.9080),tensor(43.9990)
tensor(69.9577),tensor(304.9559),tensor(23.8066),tensor(30.9618)
tensor(4.4088),tensor(365.8299),tensor(8.8176),tensor(9.3494)
tensor(347.0210),tensor(294.2092),tensor(17.1304),tensor(25.5222)
tensor(4.3674),tensor(359.6099),tensor(8.7348),tensor(20.4956)
----- NEW FRAME -----
tensor(49.6479),tensor(359.8956),tensor(44.9264),tensor(59.9810)
tensor(141.7313),tensor(306.9323),tensor(25.3980),tensor(33.2019)
tensor(430.3351),tensor(297.9316),tensor(22.5967),tensor(31.6107)
tensor(626.4406),tensor(340.4683),tensor(27.1189),tensor(43.3093)
----- NEW FRAME -----
tensor(100.2201),tensor(379.3757),tensor(50.5471),tensor(73.3975)
tensor(203.2153),tensor(313.4414),tensor(25.1929),tensor(33.4888)
tensor(518.9741),tensor(304.4308),tensor(22.8641),tensor(30.2126)
----- NEW FRAME -----
tensor(261.7349),tensor(312.6853),tensor(25.0925),tensor(33.8215)
tensor(617.9049),tensor(312.1342),tensor(28.7097),tensor(35.5739)
tensor(151.7513),tensor(369.4725),tensor(25.1024),tensor(34.2701)
----- NEW FRAME -----
tensor(297.1793),tensor(319.5092),tensor(24.7140),tensor(37.9008)
tensor(514.8624),tensor(286.6473),tensor(13.1530),tensor(21.1288)
tensor(313.7748),tensor(279.8308),tensor(17.7338),tensor(32.7248)
----- NEW FRAME -----
tensor(290.5922),tensor(328.6069),tensor(28.5727),tensor(41.7805)
tensor(523.9695),tensor(288.5175),tensor(14.5055),tensor(22.2694)
tensor(312.4269),tensor(279.8235),tensor(17.2302),tensor(31.3147)
----- NEW FRAME -----
tensor(248.6291),tensor(338.7901),tensor(35.2033),tensor(48.2090)
tensor(504.2527),tensor(290.5919),tensor(15.0066),tensor(24.0048)
tensor(287.2269),tensor(272.4503),tensor(16.9591),tensor(16.0117)
tensor(284.5705),tensor(281.8160),tensor(22.4627),tensor(35.0823)
----- NEW FRAME -----
tensor(193.7216),tensor(351.3269),tensor(37.9644),tensor(56.9475)
tensor(480.6622),tensor(288.4796),tensor(15.0594),tensor(24.4513)
tensor(245.7861),tensor(288.2668),tensor(18.0671),tensor(24.7258)
tensor(257.6986),tensor(270.8219),tensor(13.8954),tensor(20.7464)
----- NEW FRAME -----
tensor(158.7373),tensor(362.7229),tensor(34.0272),tensor(49.2723)
tensor(233.9929),tensor(289.9329),tensor(16.3686),tensor(26.8719)
tensor(485.8726),tensor(291.8470),tensor(17.4559),tensor(25.9731)
----- NEW FRAME -----
tensor(101.3784),tensor(401.4829),tensor(54.0399),tensor(84.9218)
tensor(220.5948),tensor(295.0106),tensor(20.6180),tensor(26.7131)
tensor(491.1518),tensor(295.7086),tensor(18.6340),tensor(27.5804)
tensor(97.8827),tensor(401.2958),tensor(42.0278),tensor(73.5321)
tensor(241.4780),tensor(272.1722),tensor(13.5635),tensor(23.1736)
----- NEW FRAME -----
tensor(500.0128),tensor(300.1289),tensor(19.9249),tensor(30.1360)
tensor(205.0801),tensor(299.5825),tensor(20.9682),tensor(29.3787)
tensor(233.0130),tensor(273.7243),tensor(15.1071),tensor(22.2836)
----- NEW FRAME -----
tensor(510.5774),tensor(306.3532),tensor(22.1151),tensor(33.0201)
tensor(185.7751),tensor(305.6429),tensor(21.7836),tensor(33.5232)
tensor(223.2751),tensor(276.0780),tensor(17.5245),tensor(26.2445)
----- NEW FRAME -----
tensor(163.8221),tensor(311.4846),tensor(25.4382),tensor(37.4410)
tensor(525.2559),tensor(312.5850),tensor(23.6128),tensor(35.4502)
tensor(397.4579),tensor(282.2216),tensor(12.4423),tensor(20.4526)
tensor(214.2582),tensor(276.3420),tensor(19.1780),tensor(28.7569)
tensor(358.9343),tensor(271.5981),tensor(8.3273),tensor(14.0902)
----- NEW FRAME -----
tensor(154.1901),tensor(319.9642),tensor(28.4138),tensor(40.6583)
tensor(561.9244),tensor(320.2181),tensor(28.9921),tensor(40.6930)
tensor(410.4024),tensor(283.6116),tensor(13.5281),tensor(21.7040)
tensor(219.5758),tensor(270.3690),tensor(14.8875),tensor(17.4440)
tensor(214.4825),tensor(279.7343),tensor(20.5217),tensor(26.9886)
----- NEW FRAME -----
tensor(160.8026),tensor(329.8645),tensor(32.6242),tensor(49.6353)
tensor(627.4212),tensor(331.9475),tensor(25.1576),tensor(45.3518)
tensor(441.5837),tensor(286.5218),tensor(14.4619),tensor(22.6095)
tensor(229.3734),tensor(285.1193),tensor(15.8205),tensor(22.5541)
----- NEW FRAME -----
tensor(155.6485),tensor(342.9654),tensor(38.6275),tensor(56.0677)
tensor(467.8337),tensor(288.5918),tensor(16.6427),tensor(25.3128)
tensor(240.8033),tensor(286.8567),tensor(16.2191),tensor(23.8841)
tensor(413.1193),tensor(273.8594),tensor(10.2952),tensor(14.4962)
tensor(252.3593),tensor(271.2669),tensor(15.5355),tensor(20.4820)
----- NEW FRAME -----
tensor(121.1077),tensor(364.7858),tensor(46.3958),tensor(69.2264)
tensor(480.9154),tensor(292.5965),tensor(17.0399),tensor(27.6365)
tensor(234.6902),tensor(290.0551),tensor(16.3751),tensor(25.2124)
tensor(251.0269),tensor(273.3378),tensor(14.3019),tensor(20.5549)
tensor(118.9354),tensor(373.7415),tensor(45.3354),tensor(51.0068)
----- NEW FRAME -----
tensor(60.6353),tensor(382.7860),tensor(40.8206),tensor(60.7500)
tensor(223.6102),tensor(295.1606),tensor(19.0364),tensor(26.1754)
tensor(491.8900),tensor(295.8595),tensor(18.2434),tensor(26.2228)
tensor(420.5709),tensor(277.6956),tensor(12.3467),tensor(17.0110)
tensor(244.9554),tensor(274.8164),tensor(14.1727),tensor(21.8231)
----- NEW FRAME -----
tensor(506.4488),tensor(300.5322),tensor(19.0605),tensor(30.3428)
tensor(213.3152),tensor(299.5179),tensor(20.2054),tensor(31.5246)
tensor(241.3357),tensor(275.2901),tensor(13.2593),tensor(24.0121)
tensor(425.7619),tensor(278.2263),tensor(12.0670),tensor(17.9280)
----- NEW FRAME -----
tensor(200.7733),tensor(306.0779),tensor(22.5651),tensor(33.8251)
tensor(526.3386),tensor(307.4830),tensor(22.0281),tensor(32.2773)
tensor(235.6523),tensor(279.1146),tensor(14.3884),tensor(24.5634)
tensor(212.0813),tensor(270.1976),tensor(7.8228),tensor(11.4527)
tensor(431.3023),tensor(281.8720),tensor(12.1486),tensor(17.3273)
tensor(386.1096),tensor(272.3247),tensor(7.8352),tensor(10.4002)
----- NEW FRAME -----
tensor(186.8943),tensor(313.8826),tensor(25.0961),tensor(36.3368)
tensor(550.9730),tensor(314.5666),tensor(25.7678),tensor(35.7010)
tensor(232.0589),tensor(280.1102),tensor(15.6783),tensor(26.5568)
tensor(438.6535),tensor(283.4854),tensor(14.1285),tensor(19.4141)
----- NEW FRAME -----
tensor(168.2956),tensor(323.9645),tensor(30.2590),tensor(44.8467)
tensor(580.3269),tensor(324.0959),tensor(27.3577),tensor(43.9349)
tensor(446.9012),tensor(287.0287),tensor(13.5448),tensor(21.1537)
tensor(227.5228),tensor(282.7568),tensor(18.5799),tensor(31.2200)
----- NEW FRAME -----
tensor(617.5520),tensor(330.9850),tensor(33.0526),tensor(48.4174)
tensor(144.5463),tensor(331.9959),tensor(33.6247),tensor(49.9214)
tensor(219.3336),tensor(287.7375),tensor(15.8577),tensor(24.2001)
tensor(456.2536),tensor(287.4121),tensor(13.2947),tensor(21.9793)
----- NEW FRAME -----
tensor(111.5135),tensor(348.2896),tensor(41.5496),tensor(62.2610)
tensor(465.9336),tensor(288.3350),tensor(14.7861),tensor(24.9017)
tensor(210.7394),tensor(288.7592),tensor(15.9366),tensor(25.6237)
----- NEW FRAME -----
tensor(60.5684),tensor(367.4877),tensor(52.1629),tensor(78.8514)
tensor(476.3139),tensor(290.2940),tensor(17.4434),tensor(26.8899)
tensor(199.7857),tensor(291.2372),tensor(17.7827),tensor(28.0378)
----- NEW FRAME -----
tensor(491.2254),tensor(293.5426),tensor(18.4147),tensor(28.7349)
tensor(189.7815),tensor(296.5845),tensor(20.6517),tensor(29.3619)
tensor(189.7424),tensor(289.1534),tensor(21.7324),tensor(47.4212)
tensor(187.8599),tensor(271.5237),tensor(12.8808),tensor(14.8660)
tensor(410.3610),tensor(274.6745),tensor(10.1033),tensor(14.6261)
----- NEW FRAME -----
tensor(507.5109),tensor(300.6765),tensor(18.6526),tensor(28.3203)
tensor(175.9827),tensor(303.4496),tensor(21.3970),tensor(31.2245)
tensor(209.4314),tensor(278.7240),tensor(12.6546),tensor(18.3112)
tensor(415.7873),tensor(278.6511),tensor(8.9092),tensor(16.6503)
----- NEW FRAME -----
tensor(160.6752),tensor(312.4382),tensor(24.0056),tensor(36.1541)
tensor(528.9397),tensor(306.9875),tensor(21.8286),tensor(34.2931)
tensor(176.7995),tensor(276.7711),tensor(10.9533),tensor(16.7307)
tensor(204.1179),tensor(283.5355),tensor(13.2172),tensor(18.9425)
tensor(422.9225),tensor(282.7794),tensor(10.1501),tensor(17.7588)
----- NEW FRAME -----
tensor(150.2413),tensor(320.4875),tensor(27.8450),tensor(40.1355)
tensor(177.8031),tensor(277.7137),tensor(11.7487),tensor(15.3521)
tensor(564.1652),tensor(314.4564),tensor(25.0383),tensor(35.1633)
tensor(205.5137),tensor(284.9213),tensor(15.9613),tensor(21.0791)
tensor(437.7621),tensor(285.4263),tensor(11.9462),tensor(19.4807)
----- NEW FRAME -----
tensor(159.7771),tensor(330.3546),tensor(32.4810),tensor(48.7787)
tensor(474.3968),tensor(289.3024),tensor(12.6639),tensor(20.3582)
tensor(628.8354),tensor(323.9898),tensor(22.3292),tensor(41.3610)
tensor(225.8692),tensor(287.1787),tensor(14.2892),tensor(22.3274)
tensor(198.5186),tensor(279.2212),tensor(12.6591),tensor(19.4170)
tensor(410.4832),tensor(279.6462),tensor(11.9813),tensor(18.4117)
----- NEW FRAME -----
tensor(134.3567),tensor(341.5097),tensor(37.5345),tensor(58.1700)
tensor(194.3466),tensor(280.5241),tensor(12.3896),tensor(19.8017)
tensor(221.8493),tensor(289.0222),tensor(18.0787),tensor(25.5625)
tensor(488.0273),tensor(292.6944),tensor(14.6486),tensor(24.9432)
----- NEW FRAME -----
tensor(91.2760),tensor(360.7423),tensor(49.1855),tensor(71.8021)
tensor(498.7988),tensor(290.5410),tensor(14.0638),tensor(25.0335)
tensor(211.9228),tensor(289.3944),tensor(17.5743),tensor(25.4479)
tensor(185.5699),tensor(280.0565),tensor(12.4918),tensor(18.9545)
tensor(420.9255),tensor(278.5815),tensor(12.1716),tensor(19.7467)
----- NEW FRAME -----
tensor(510.0490),tensor(293.7543),tensor(16.8678),tensor(26.1287)
tensor(199.3302),tensor(293.4396),tensor(18.3806),tensor(26.2847)
tensor(24.0680),tensor(384.1639),tensor(45.8931),tensor(71.8695)
tensor(173.4632),tensor(281.8475),tensor(16.2812),tensor(20.2029)
tensor(103.3693),tensor(277.0190),tensor(11.7628),tensor(16.7187)
----- NEW FRAME -----
tensor(184.5242),tensor(297.1013),tensor(19.4801),tensor(28.0111)
tensor(523.7435),tensor(297.4140),tensor(17.7776),tensor(27.1848)
tensor(160.7382),tensor(283.6848),tensor(14.1589),tensor(19.1877)
tensor(427.4534),tensor(281.8354),tensor(14.1328),tensor(21.9350)
----- NEW FRAME -----
tensor(544.6522),tensor(304.8822),tensor(20.0964),tensor(31.4590)
tensor(172.6674),tensor(304.8819),tensor(22.1536),tensor(33.2172)
tensor(73.8079),tensor(282.1883),tensor(13.6126),tensor(19.0216)
tensor(149.7124),tensor(288.1713),tensor(19.1068),tensor(23.7428)
tensor(435.5025),tensor(285.8252),tensor(14.8110),tensor(24.0652)
tensor(197.7516),tensor(143.4892),tensor(14.3012),tensor(14.9117)
----- NEW FRAME -----
tensor(569.5483),tensor(312.9524),tensor(22.4963),tensor(34.9637)
tensor(157.1104),tensor(313.5128),tensor(22.9495),tensor(34.8099)
tensor(58.8805),tensor(287.2318),tensor(14.7001),tensor(21.6865)
tensor(445.7020),tensor(292.0549),tensor(15.0437),tensor(23.3064)
tensor(137.4616),tensor(295.1099),tensor(15.4289),tensor(22.5199)
----- NEW FRAME -----
tensor(137.2724),tensor(322.9746),tensor(27.7512),tensor(39.9097)
tensor(601.3427),tensor(322.9425),tensor(26.3811),tensor(39.1892)
tensor(123.0236),tensor(299.5735),tensor(18.0145),tensor(24.0092)
tensor(42.1714),tensor(289.9890),tensor(14.9850),tensor(21.9854)
tensor(456.3960),tensor(297.9273),tensor(16.0947),tensor(22.2042)
tensor(135.9893),tensor(309.4016),tensor(23.7018),tensor(13.2036)
----- NEW FRAME -----
tensor(472.5671),tensor(301.8671),tensor(17.3811),tensor(26.4987)
tensor(116.0540),tensor(331.6599),tensor(31.3303),tensor(45.0095)
tensor(110.3403),tensor(303.2761),tensor(21.4454),tensor(26.1824)
tensor(116.3561),tensor(321.7048),tensor(31.5434),tensor(66.3287)
tensor(634.0957),tensor(332.0861),tensor(11.8086),tensor(40.8138)
tensor(282.8517),tensor(283.1886),tensor(10.0784),tensor(15.4918)
tensor(100.6899),tensor(278.1358),tensor(10.7167),tensor(14.8652)
tensor(27.5337),tensor(293.3794),tensor(15.7185),tensor(23.9328)
tensor(114.4501),tensor(304.1396),tensor(30.0143),tensor(27.6467)
----- NEW FRAME -----
tensor(91.5608),tensor(304.2280),tensor(22.7990),tensor(32.0967)
tensor(489.5353),tensor(303.3239),tensor(20.3511),tensor(30.2399)
tensor(8.4745),tensor(291.5821),tensor(16.9491),tensor(24.3412)
tensor(86.4906),tensor(335.2784),tensor(36.9783),tensor(62.7925)
tensor(282.9681),tensor(280.4083),tensor(10.4354),tensor(17.8481)
----- NEW FRAME -----
tensor(45.4284),tensor(354.4646),tensor(46.3209),tensor(63.3700)
tensor(511.2206),tensor(305.8414),tensor(22.6490),tensor(33.5763)
tensor(71.0616),tensor(305.9092),tensor(25.3077),tensor(34.6300)
tensor(285.4618),tensor(278.5202),tensor(10.5431),tensor(20.0892)
tensor(86.0025),tensor(272.5082),tensor(11.3091),tensor(16.3364)
----- NEW FRAME -----
tensor(42.7273),tensor(309.4588),tensor(27.7164),tensor(41.7154)
tensor(534.9950),tensor(309.9887),tensor(25.6641),tensor(37.5076)
tensor(74.9995),tensor(271.2516),tensor(12.5782),tensor(16.8782)
tensor(284.9093),tensor(277.6602),tensor(11.7306),tensor(19.8185)
tensor(178.5303),tensor(274.2109),tensor(12.7799),tensor(17.5209)
----- NEW FRAME -----
tensor(11.5769),tensor(318.5749),tensor(23.1537),tensor(42.7769)
tensor(565.2198),tensor(317.1470),tensor(29.6608),tensor(41.7325)
tensor(283.4743),tensor(279.2589),tensor(12.9841),tensor(21.9269)
tensor(62.8151),tensor(272.0578),tensor(12.2891),tensor(18.0206)
tensor(395.4579),tensor(290.8414),tensor(15.3444),tensor(22.1456)
tensor(170.8794),tensor(275.4236),tensor(13.5770),tensor(18.7373)
----- NEW FRAME -----
tensor(601.8392),tensor(329.2935),tensor(35.9268),tensor(49.4359)
tensor(162.5386),tensor(279.1072),tensor(13.3951),tensor(20.1097)
tensor(49.4854),tensor(276.0232),tensor(13.7677),tensor(17.5475)
tensor(282.5138),tensor(283.9360),tensor(13.5514),tensor(22.7736)
tensor(403.8337),tensor(297.8454),tensor(15.2467),tensor(21.6871)
----- NEW FRAME -----
tensor(52.9096),tensor(279.6502),tensor(15.4165),tensor(19.7365)
tensor(295.9742),tensor(288.7877),tensor(17.2914),tensor(25.5016)
tensor(170.7990),tensor(283.0685),tensor(14.7994),tensor(21.4226)
tensor(432.4014),tensor(301.3549),tensor(18.3693),tensor(32.5740)
----- NEW FRAME -----
tensor(474.3128),tensor(311.6131),tensor(23.1324),tensor(37.4927)
tensor(185.0387),tensor(287.2787),tensor(15.0770),tensor(22.7336)
tensor(317.5210),tensor(292.6489),tensor(19.8328),tensor(29.1632)
tensor(64.1646),tensor(283.1009),tensor(15.5954),tensor(20.2542)
----- NEW FRAME -----
tensor(528.2607),tensor(321.5869),tensor(28.8170),tensor(43.7919)
tensor(201.1858),tensor(290.1537),tensor(15.8336),tensor(24.6245)
tensor(75.8878),tensor(285.2245),tensor(15.4569),tensor(22.5547)
tensor(344.7951),tensor(299.7263),tensor(19.5658),tensor(29.4976)
----- NEW FRAME -----
tensor(602.0203),tensor(331.8391),tensor(38.2524),tensor(55.6262)
tensor(379.7778),tensor(305.2364),tensor(25.5614),tensor(35.2041)
tensor(92.6233),tensor(287.5174),tensor(18.0185),tensor(23.2090)
tensor(222.3101),tensor(293.3705),tensor(19.0554),tensor(25.9285)
----- NEW FRAME -----
tensor(438.4318),tensor(310.7218),tensor(26.8964),tensor(39.1781)
tensor(128.2768),tensor(288.1732),tensor(16.4331),tensor(24.0865)
tensor(261.6769),tensor(296.5974),tensor(20.0413),tensor(27.2645)
tensor(483.0043),tensor(206.2483),tensor(35.5990),tensor(69.3543)
----- NEW FRAME -----
tensor(170.9470),tensor(291.0228),tensor(18.3314),tensor(26.1745)
tensor(517.1570),tensor(320.1195),tensor(33.7295),tensor(49.1747)
tensor(309.7877),tensor(301.5145),tensor(20.9105),tensor(28.6018)
tensor(465.7397),tensor(227.1998),tensor(32.2877),tensor(65.9345)
tensor(4.0141),tensor(282.5834),tensor(8.0282),tensor(22.0198)
----- NEW FRAME -----
tensor(365.3952),tensor(308.0027),tensor(22.9757),tensor(32.6154)
tensor(215.0158),tensor(294.4784),tensor(18.6308),tensor(26.6527)
tensor(621.7367),tensor(336.9123),tensor(36.5266),tensor(58.8181)
tensor(42.8881),tensor(285.0619),tensor(16.0492),tensor(21.2496)
----- NEW FRAME -----
tensor(432.7508),tensor(316.6762),tensor(30.7791),tensor(41.6281)
tensor(262.2319),tensor(299.1039),tensor(19.7162),tensor(28.1122)
tensor(87.3048),tensor(287.3951),tensor(17.5967),tensor(22.7593)
----- NEW FRAME -----
tensor(519.7181),tensor(330.2897),tensor(35.9907),tensor(48.9915)
tensor(315.3026),tensor(304.6752),tensor(22.9222),tensor(31.6975)
tensor(134.2070),tensor(289.9483),tensor(18.8370),tensor(22.9263)
----- NEW FRAME -----
tensor(395.2010),tensor(312.2506),tensor(26.6134),tensor(36.8936)
tensor(202.3116),tensor(293.1687),tensor(18.1493),tensor(24.0676)
----- NEW FRAME -----
tensor(495.0346),tensor(323.4070),tensor(30.9390),tensor(44.2958)
tensor(270.5950),tensor(296.1693),tensor(19.3637),tensor(24.3300)
tensor(146.7570),tensor(278.5119),tensor(12.2277),tensor(15.8438)
tensor(456.9733),tensor(402.7004),tensor(10.7470),tensor(15.1864)
----- NEW FRAME -----
tensor(573.1096),tensor(337.7284),tensor(32.8580),tensor(48.7531)
tensor(305.0156),tensor(298.4320),tensor(18.5536),tensor(28.3510)
tensor(178.0525),tensor(277.6576),tensor(11.6006),tensor(17.1819)
----- NEW FRAME -----
tensor(312.2770),tensor(302.7454),tensor(20.9948),tensor(31.7428)
tensor(625.0863),tensor(352.0577),tensor(29.8273),tensor(56.9788)
tensor(178.7250),tensor(278.6896),tensor(12.2621),tensor(17.2277)
tensor(454.8369),tensor(401.1125),tensor(11.6644),tensor(16.1786)
tensor(102.8582),tensor(274.0844),tensor(9.7178),tensor(14.6183)
----- NEW FRAME -----
tensor(315.9391),tensor(307.0071),tensor(22.8108),tensor(34.9009)
tensor(174.6896),tensor(279.1924),tensor(12.4908),tensor(18.3463)
tensor(96.6962),tensor(274.4518),tensor(9.6084),tensor(14.5021)
tensor(454.8811),tensor(401.1998),tensor(11.6423),tensor(15.9091)
----- NEW FRAME -----
tensor(364.9876),tensor(314.0398),tensor(28.0179),tensor(39.0081)
tensor(211.2290),tensor(279.7432),tensor(14.1420),tensor(21.2711)
----- NEW FRAME -----
tensor(454.5115),tensor(327.9844),tensor(31.9730),tensor(41.8871)
tensor(196.4022),tensor(275.0368),tensor(14.2742),tensor(16.5709)
tensor(272.9974),tensor(282.7375),tensor(16.0176),tensor(19.2702)
tensor(455.5126),tensor(402.2257),tensor(12.6906),tensor(14.9266)
----- NEW FRAME -----
tensor(46.2523),tensor(297.6293),tensor(20.6872),tensor(26.9534)
tensor(567.7141),tensor(345.1514),tensor(39.3740),tensor(51.6295)
tensor(333.5718),tensor(285.5466),tensor(15.8981),tensor(19.3311)
tensor(80.8387),tensor(278.7268),tensor(12.5037),tensor(16.5223)
tensor(255.4089),tensor(277.6099),tensor(11.0739),tensor(15.7711)
----- NEW FRAME -----
tensor(41.1849),tensor(299.3010),tensor(20.7292),tensor(29.7222)
tensor(628.3666),tensor(367.3278),tensor(23.2667),tensor(62.8992)
tensor(350.6493),tensor(287.7986),tensor(14.4240),tensor(22.6971)
tensor(266.9111),tensor(278.8306),tensor(11.1125),tensor(16.9711)
tensor(86.1016),tensor(279.9055),tensor(14.5186),tensor(18.0380)
----- NEW FRAME -----
tensor(18.7086),tensor(303.9403),tensor(24.3259),tensor(32.8638)
tensor(356.8931),tensor(288.9594),tensor(17.1039),tensor(24.9760)
tensor(268.0919),tensor(278.3849),tensor(12.1974),tensor(18.3903)
tensor(77.5670),tensor(279.3188),tensor(15.8076),tensor(18.8453)
----- NEW FRAME -----
tensor(362.9865),tensor(292.8949),tensor(15.2030),tensor(25.2898)
tensor(268.5746),tensor(279.5477),tensor(12.5248),tensor(18.1125)
tensor(66.5505),tensor(281.2361),tensor(12.7479),tensor(19.9620)
----- NEW FRAME -----
tensor(370.8672),tensor(295.5307),tensor(17.9873),tensor(28.3220)
tensor(269.8480),tensor(280.0158),tensor(12.5408),tensor(18.9337)
tensor(56.0539),tensor(281.2920),tensor(15.6470),tensor(21.2789)
----- NEW FRAME -----
tensor(396.7572),tensor(300.9918),tensor(20.7178),tensor(30.6180)
tensor(285.9260),tensor(284.2138),tensor(13.8016),tensor(20.7053)
tensor(62.2716),tensor(285.2467),tensor(17.3395),tensor(21.5404)
tensor(454.1565),tensor(400.5003),tensor(12.7864),tensor(13.5952)
----- NEW FRAME -----
tensor(475.2468),tensor(310.3926),tensor(24.0250),tensor(34.9727)
tensor(344.0892),tensor(287.8083),tensor(16.5828),tensor(22.7511)
tensor(117.1555),tensor(287.4101),tensor(18.8911),tensor(21.7514)
tensor(635.6924),tensor(76.9433),tensor(8.6151),tensor(27.8856)
----- NEW FRAME -----
tensor(553.4949),tensor(322.8229),tensor(27.5520),tensor(40.7125)
tensor(153.4925),tensor(290.1933),tensor(15.9197),tensor(22.8326)
tensor(391.0156),tensor(293.3042),tensor(15.3599),tensor(24.2927)
tensor(4.8526),tensor(358.2392),tensor(9.7052),tensor(23.5682)
----- NEW FRAME -----
tensor(596.7379),tensor(334.3622),tensor(32.9714),tensor(46.6461)
tensor(404.8188),tensor(297.6345),tensor(17.0576),tensor(26.6273)
tensor(149.7672),tensor(295.5289),tensor(18.7954),tensor(24.1439)
tensor(362.2803),tensor(279.7090),tensor(11.1741),tensor(17.2548)
tensor(202.2554),tensor(278.3073),tensor(10.7048),tensor(14.3667)
----- NEW FRAME -----
tensor(408.2960),tensor(301.6191),tensor(16.8367),tensor(27.9164)
tensor(628.1825),tensor(347.3828),tensor(23.6350),tensor(51.4668)
tensor(132.2236),tensor(298.7552),tensor(19.2838),tensor(26.8397)
tensor(193.6365),tensor(279.3949),tensor(11.5184),tensor(16.8008)
tensor(361.6543),tensor(282.3959),tensor(10.7008),tensor(16.0085)
----- NEW FRAME -----
tensor(415.1435),tensor(308.1559),tensor(18.7028),tensor(31.3324)
tensor(112.6853),tensor(306.2413),tensor(21.1654),tensor(29.0134)
tensor(362.2593),tensor(284.7407),tensor(11.3754),tensor(18.1141)
tensor(185.1690),tensor(283.6351),tensor(11.1050),tensor(17.0427)
----- NEW FRAME -----
tensor(89.7370),tensor(312.7444),tensor(24.2175),tensor(33.9557)
tensor(422.1439),tensor(313.4333),tensor(20.4797),tensor(34.3959)
tensor(362.7803),tensor(286.2081),tensor(12.0851),tensor(19.6014)
tensor(175.9220),tensor(284.9526),tensor(10.9069),tensor(17.6603)
----- NEW FRAME -----
tensor(432.4171),tensor(315.1226),tensor(23.0255),tensor(36.8281)
tensor(62.5009),tensor(314.7521),tensor(26.1115),tensor(34.9055)
tensor(364.1414),tensor(285.3774),tensor(13.1859),tensor(19.5067)
tensor(166.5040),tensor(283.6901),tensor(14.6245),tensor(18.5413)
tensor(337.4203),tensor(272.8630),tensor(9.4889),tensor(14.5184)
----- NEW FRAME -----
tensor(447.1085),tensor(321.9313),tensor(26.2269),tensor(40.9436)
tensor(32.1693),tensor(320.0142),tensor(30.5007),tensor(39.6731)
tensor(368.8094),tensor(285.3437),tensor(13.2728),tensor(20.4471)
tensor(158.1811),tensor(283.6400),tensor(15.1876),tensor(19.1136)
tensor(338.8464),tensor(272.1504),tensor(10.2318),tensor(15.1561)
----- NEW FRAME -----
tensor(468.9337),tensor(330.0928),tensor(29.1345),tensor(47.9635)
tensor(7.4685),tensor(325.6334),tensor(14.9371),tensor(43.8695)
tensor(374.8253),tensor(285.2112),tensor(14.8511),tensor(23.2960)
tensor(151.5989),tensor(282.6200),tensor(14.7229),tensor(20.9050)
----- NEW FRAME -----
tensor(497.7854),tensor(341.3760),tensor(34.7995),tensor(53.4648)
tensor(382.1525),tensor(287.4405),tensor(16.1765),tensor(24.8104)
tensor(142.8637),tensor(284.0418),tensor(17.1323),tensor(23.4244)
tensor(451.9110),tensor(399.0510),tensor(8.9220),tensor(12.3926)
tensor(347.6099),tensor(270.9493),tensor(11.1239),tensor(17.3516)
----- NEW FRAME -----
tensor(539.1728),tensor(362.9304),tensor(42.8942),tensor(64.0576)
tensor(391.1810),tensor(290.0342),tensor(17.7650),tensor(26.1911)
tensor(354.0710),tensor(272.3181),tensor(11.1952),tensor(16.8729)
tensor(133.3710),tensor(286.8683),tensor(18.0598),tensor(24.5627)
tensor(622.3917),tensor(88.9382),tensor(14.9526),tensor(21.3726)
tensor(453.9774),tensor(400.5658),tensor(8.9102),tensor(12.8775)
----- NEW FRAME -----
tensor(401.6490),tensor(294.9971),tensor(17.6124),tensor(27.8495)
tensor(121.0875),tensor(290.7557),tensor(16.7296),tensor(28.0283)
tensor(602.5654),tensor(388.3565),tensor(45.1411),tensor(70.1492)
tensor(359.0949),tensor(274.6123),tensor(10.7770),tensor(19.1698)
----- NEW FRAME -----
tensor(438.5247),tensor(300.9012),tensor(20.6824),tensor(30.4214)
tensor(131.6815),tensor(295.3767),tensor(19.6826),tensor(28.6742)
tensor(386.1748),tensor(276.9853),tensor(12.2896),tensor(18.8547)
----- NEW FRAME -----
tensor(477.4486),tensor(311.2764),tensor(23.6841),tensor(37.0131)
tensor(132.4468),tensor(303.4507),tensor(22.0484),tensor(33.7683)
tensor(410.4254),tensor(280.8026),tensor(12.5068),tensor(19.6028)
----- NEW FRAME -----
tensor(499.3616),tensor(322.0357),tensor(26.2267),tensor(40.2528)
tensor(99.6214),tensor(314.3943),tensor(26.7975),tensor(36.6516)
tensor(415.9062),tensor(285.1663),tensor(11.4988),tensor(19.9910)
tensor(213.7202),tensor(283.4488),tensor(15.0758),tensor(18.2083)
tensor(457.0620),tensor(401.0826),tensor(10.0745),tensor(13.8536)
----- NEW FRAME -----
tensor(526.2736),tensor(335.0532),tensor(32.5602),tensor(49.0083)
tensor(50.3915),tensor(329.1630),tensor(32.7970),tensor(42.6925)
tensor(417.7265),tensor(287.4834),tensor(13.6021),tensor(22.3575)
tensor(379.1199),tensor(275.8185),tensor(10.3746),tensor(15.9507)
tensor(458.4075),tensor(402.3620),tensor(9.4490),tensor(13.7197)
tensor(197.6066),tensor(286.9664),tensor(15.9403),tensor(20.8516)
----- NEW FRAME -----
tensor(564.9250),tensor(350.9304),tensor(40.8604),tensor(57.0311)
tensor(419.6113),tensor(288.0622),tensor(15.4929),tensor(24.3660)
tensor(377.6085),tensor(274.2096),tensor(10.4777),tensor(15.6544)
tensor(178.5403),tensor(287.9371),tensor(15.1942),tensor(22.9485)
tensor(457.0671),tensor(401.1984),tensor(10.6510),tensor(13.6141)
----- NEW FRAME -----
tensor(626.0913),tensor(376.6039),tensor(27.8174),tensor(80.1877)
tensor(428.8736),tensor(289.6628),tensor(18.4158),tensor(27.5590)
tensor(379.2997),tensor(271.9515),tensor(10.6458),tensor(16.7714)
tensor(159.1841),tensor(288.8695),tensor(18.1046),tensor(24.9788)
tensor(219.4105),tensor(273.6002),tensor(12.1453),tensor(16.7966)
----- NEW FRAME -----
tensor(446.8137),tensor(297.2049),tensor(20.3828),tensor(31.8154)
tensor(143.0028),tensor(296.3493),tensor(19.8508),tensor(27.8926)
tensor(388.0242),tensor(276.0677),tensor(12.3519),tensor(18.8937)
tensor(215.8310),tensor(276.0397),tensor(10.8085),tensor(16.8636)
----- NEW FRAME -----
tensor(507.2128),tensor(307.3374),tensor(26.4026),tensor(41.4962)
tensor(154.8010),tensor(305.0434),tensor(26.1207),tensor(33.8568)
----- NEW FRAME -----
tensor(202.6448),tensor(311.6275),tensor(25.0162),tensor(38.2618)
tensor(626.2924),tensor(323.0148),tensor(27.4152),tensor(46.5745)
tensor(292.1850),tensor(282.8904),tensor(13.5524),tensor(20.6355)
tensor(501.9932),tensor(286.7841),tensor(16.8882),tensor(22.0942)
----- NEW FRAME -----
tensor(187.8032),tensor(323.7646),tensor(28.5241),tensor(45.9215)
tensor(530.7247),tensor(288.9899),tensor(16.1589),tensor(25.0269)
tensor(297.5919),tensor(285.3060),tensor(13.9313),tensor(22.7280)
----- NEW FRAME -----
tensor(157.7639),tensor(343.3192),tensor(38.7587),tensor(56.7591)
tensor(562.0137),tensor(294.8488),tensor(17.6240),tensor(26.6688)
tensor(299.6605),tensor(288.6329),tensor(16.2988),tensor(23.3619)
----- NEW FRAME -----
tensor(101.2205),tensor(380.2757),tensor(54.9222),tensor(84.4038)
tensor(299.4177),tensor(295.5516),tensor(18.3782),tensor(26.2504)
tensor(597.7104),tensor(303.2202),tensor(20.5239),tensor(30.7009)
tensor(344.4876),tensor(275.7471),tensor(10.0071),tensor(16.4941)
tensor(524.1850),tensor(279.5916),tensor(13.2167),tensor(17.8053)
----- NEW FRAME -----
tensor(299.8857),tensor(303.7673),tensor(20.5162),tensor(29.7163)
tensor(348.7889),tensor(279.1670),tensor(12.5347),tensor(16.9634)
tensor(4.8336),tensor(405.3221),tensor(9.6671),tensor(29.8544)
tensor(544.7443),tensor(283.4501),tensor(13.8613),tensor(19.4517)
tensor(635.2765),tensor(310.6456),tensor(9.4471),tensor(31.1029)
----- NEW FRAME -----
tensor(299.7512),tensor(313.4672),tensor(23.0857),tensor(34.2745)
tensor(570.2654),tensor(288.4936),tensor(14.7100),tensor(20.6875)
tensor(355.6991),tensor(283.4686),tensor(12.9659),tensor(18.2915)
tensor(195.6082),tensor(101.1688),tensor(13.2607),tensor(7.4623)
----- NEW FRAME -----
tensor(291.6231),tensor(329.5945),tensor(26.2471),tensor(42.2680)
tensor(356.7449),tensor(288.5708),tensor(14.4995),tensor(21.5717)
tensor(593.5912),tensor(295.9177),tensor(15.3582),tensor(23.8511)
tensor(192.2256),tensor(101.8675),tensor(15.3907),tensor(8.9056)
----- NEW FRAME -----
tensor(236.1366),tensor(349.4743),tensor(41.1591),tensor(47.4309)
tensor(323.2256),tensor(295.0135),tensor(15.7963),tensor(21.3392)
tensor(576.4333),tensor(301.5178),tensor(16.3583),tensor(24.1030)
tensor(520.6151),tensor(288.5635),tensor(12.6287),tensor(18.5887)
----- NEW FRAME -----
tensor(108.5790),tensor(380.0995),tensor(51.9083),tensor(79.3213)
tensor(524.4023),tensor(298.6997),tensor(18.1985),tensor(26.4263)
tensor(255.2826),tensor(295.7563),tensor(18.2287),tensor(23.5427)
tensor(275.5358),tensor(280.6765),tensor(13.4293),tensor(16.0670)
tensor(464.7863),tensor(284.7158),tensor(12.5293),tensor(18.6227)
----- NEW FRAME -----
tensor(232.0114),tensor(291.4002),tensor(19.7632),tensor(29.2463)
tensor(258.4010),tensor(274.8336),tensor(12.6868),tensor(17.9235)
tensor(533.9974),tensor(296.3874),tensor(20.7200),tensor(32.0347)
tensor(461.8152),tensor(278.6596),tensor(14.3282),tensor(21.1901)
----- NEW FRAME -----
tensor(209.2737),tensor(292.9643),tensor(22.8892),tensor(33.0593)
tensor(554.7719),tensor(296.6590),tensor(23.8662),tensor(34.8461)
tensor(243.9034),tensor(272.4460),tensor(14.7297),tensor(18.9514)
tensor(466.3095),tensor(276.0664),tensor(13.8527),tensor(20.9504)
tensor(123.8178),tensor(262.8536),tensor(11.5970),tensor(13.3858)
----- NEW FRAME -----
tensor(557.9276),tensor(305.2805),tensor(26.2576),tensor(37.7411)
tensor(154.7994),tensor(303.8716),tensor(30.1180),tensor(37.9423)
tensor(155.5035),tensor(290.0651),tensor(31.1430),tensor(66.6073)
tensor(208.1197),tensor(276.4779),tensor(17.0139),tensor(20.3731)
tensor(451.6961),tensor(280.1523),tensor(16.6390),tensor(23.7074)
----- NEW FRAME -----
tensor(517.1442),tensor(316.7563),tensor(28.9918),tensor(42.2825)
tensor(31.7430),tensor(323.3101),tensor(39.1388),tensor(48.4554)
tensor(399.4480),tensor(286.2106),tensor(17.3069),tensor(24.9184)
tensor(124.7944),tensor(284.6264),tensor(21.1928),tensor(26.2512)
tensor(340.3652),tensor(277.7953),tensor(15.9888),tensor(20.9642)
----- NEW FRAME -----
tensor(536.5157),tensor(337.5027),tensor(34.1704),tensor(52.1840)
tensor(391.4561),tensor(296.3484),tensor(18.1274),tensor(28.8994)
tensor(80.2473),tensor(296.5554),tensor(22.4887),tensor(28.2405)
tensor(326.9137),tensor(285.2806),tensor(13.8381),tensor(21.0315)
----- NEW FRAME -----
tensor(577.3697),tensor(363.1771),tensor(44.0159),tensor(66.3187)
tensor(35.7238),tensor(305.5103),tensor(25.2726),tensor(34.4764)
tensor(390.4224),tensor(305.8113),tensor(19.0175),tensor(31.4866)
tensor(317.7173),tensor(291.3121),tensor(15.6185),tensor(22.5087)
tensor(232.1927),tensor(283.5324),tensor(11.4074),tensor(16.0816)
----- NEW FRAME -----
tensor(391.5449),tensor(314.4250),tensor(21.8258),tensor(34.4550)
tensor(218.1125),tensor(287.4984),tensor(13.1738),tensor(19.9056)
tensor(310.0920),tensor(297.2714),tensor(16.8824),tensor(26.0977)
tensor(630.0495),tensor(391.4531),tensor(19.9010),tensor(61.0785)
----- NEW FRAME -----
tensor(391.8841),tensor(326.3685),tensor(24.0913),tensor(40.8992)
tensor(301.3375),tensor(305.1883),tensor(17.6903),tensor(26.6051)
tensor(202.2937),tensor(294.6614),tensor(13.5572),tensor(21.8855)
----- NEW FRAME -----
tensor(409.2892),tensor(337.4487),tensor(28.5369),tensor(44.7594)
tensor(305.5337),tensor(309.9792),tensor(19.7131),tensor(29.0309)
tensor(198.9254),tensor(298.5693),tensor(15.6578),tensor(21.8326)
----- NEW FRAME -----
tensor(495.2961),tensor(350.3454),tensor(36.1646),tensor(56.0605)
tensor(361.7632),tensor(314.0226),tensor(20.9573),tensor(33.7000)
tensor(247.8924),tensor(298.5895),tensor(16.6672),tensor(23.2478)
----- NEW FRAME -----
tensor(583.8470),tensor(366.5979),tensor(44.6488),tensor(63.6017)
tensor(411.4886),tensor(318.1997),tensor(23.6970),tensor(36.0133)
tensor(4.2573),tensor(282.8919),tensor(8.5146),tensor(19.0851)
tensor(285.5652),tensor(299.1199),tensor(17.7202),tensor(25.6476)
----- NEW FRAME -----
tensor(463.8130),tensor(320.7175),tensor(27.3396),tensor(40.6382)
tensor(319.8918),tensor(296.9144),tensor(18.4603),tensor(26.8911)
tensor(128.9342),tensor(284.2550),tensor(14.5082),tensor(19.4201)
tensor(223.4099),tensor(288.5685),tensor(13.9432),tensor(20.8075)
tensor(4.3497),tensor(92.3792),tensor(8.6993),tensor(17.9736)
----- NEW FRAME -----
tensor(361.0533),tensor(298.1418),tensor(18.1774),tensor(29.6282)
tensor(527.9186),tensor(328.5788),tensor(28.9336),tensor(45.5283)
tensor(163.5977),tensor(280.8848),tensor(14.9349),tensor(20.1442)
tensor(69.1296),tensor(276.5709),tensor(14.8069),tensor(19.0806)
----- NEW FRAME -----
tensor(552.9361),tensor(335.7943),tensor(32.2244),tensor(49.4158)
tensor(367.0885),tensor(299.4139),tensor(19.3557),tensor(31.8113)
tensor(258.6886),tensor(288.0132),tensor(14.7701),tensor(23.0992)
----- NEW FRAME -----
tensor(371.6426),tensor(304.2595),tensor(20.6895),tensor(35.8160)
tensor(582.5826),tensor(346.3839),tensor(34.5564),tensor(53.4713)
tensor(255.4390),tensor(289.7325),tensor(17.3285),tensor(25.3459)
tensor(51.7309),tensor(278.7809),tensor(14.6190),tensor(20.9571)
----- NEW FRAME -----
tensor(377.3507),tensor(309.6872),tensor(22.2089),tensor(36.9412)
tensor(620.2361),tensor(360.9135),tensor(39.3494),tensor(61.5421)
tensor(253.0598),tensor(292.7262),tensor(16.5036),tensor(26.1245)
tensor(42.0437),tensor(280.5190),tensor(14.0315),tensor(20.1505)
tensor(145.8273),tensor(286.8458),tensor(14.9951),tensor(23.0558)
tensor(23.2063),tensor(15.5783),tensor(8.8590),tensor(10.0607)
----- NEW FRAME -----
tensor(385.2326),tensor(317.8439),tensor(25.0948),tensor(40.8900)
tensor(248.8964),tensor(298.3336),tensor(17.9257),tensor(29.3790)
tensor(22.0852),tensor(15.1622),tensor(11.2190),tensor(10.7224)
tensor(136.3881),tensor(290.1972),tensor(16.6975),tensor(25.6255)
tensor(28.0170),tensor(283.9303),tensor(15.4061),tensor(22.5610)
----- NEW FRAME -----
tensor(388.8089),tensor(326.9337),tensor(27.2252),tensor(43.8424)
tensor(239.6691),tensor(304.3301),tensor(19.8608),tensor(31.7249)
tensor(7.3015),tensor(288.3569),tensor(14.6029),tensor(22.2978)
tensor(13.8864),tensor(11.9533),tensor(15.4504),tensor(18.3092)
tensor(119.3696),tensor(295.6430),tensor(18.1932),tensor(25.6862)
----- NEW FRAME -----
tensor(416.0707),tensor(337.4538),tensor(32.8992),tensor(50.7901)
tensor(246.9267),tensor(308.2982),tensor(21.1214),tensor(33.2488)
tensor(5.4839),tensor(290.6680),tensor(10.9679),tensor(23.0266)
tensor(119.1935),tensor(298.0259),tensor(19.2618),tensor(27.5109)
tensor(16.0993),tensor(10.4523),tensor(17.5528),tensor(20.9046)
----- NEW FRAME -----
tensor(525.6252),tensor(358.9157),tensor(46.1015),tensor(65.6247)
tensor(309.6694),tensor(313.4677),tensor(25.7785),tensor(40.1643)
tensor(175.3927),tensor(299.8106),tensor(20.8609),tensor(30.8298)
tensor(60.5209),tensor(292.8218),tensor(19.3128),tensor(26.2737)
tensor(74.7491),tensor(20.5059),tensor(19.7099),tensor(20.9294)
----- NEW FRAME -----
tensor(389.8988),tensor(324.8960),tensor(28.5493),tensor(42.3566)
tensor(241.1332),tensor(304.7766),tensor(20.7369),tensor(34.7710)
tensor(126.3284),tensor(295.5867),tensor(19.6911),tensor(23.9670)
tensor(141.5436),tensor(29.7885),tensor(20.4368),tensor(21.5625)
----- NEW FRAME -----
tensor(496.1173),tensor(339.1346),tensor(34.9334),tensor(50.1930)
tensor(312.5269),tensor(308.9375),tensor(22.8376),tensor(33.9852)
tensor(194.6844),tensor(296.5702),tensor(18.1635),tensor(25.0880)
tensor(205.9441),tensor(35.1546),tensor(19.7202),tensor(20.2606)
tensor(4.8585),tensor(39.2607),tensor(9.7170),tensor(14.2187)
----- NEW FRAME -----
tensor(394.0998),tensor(320.0626),tensor(25.5099),tensor(36.4287)
tensor(628.5482),tensor(364.3337),tensor(22.9036),tensor(59.9971)
tensor(262.1238),tensor(300.9781),tensor(20.2021),tensor(26.4188)
tensor(271.0579),tensor(39.2195),tensor(17.4252),tensor(18.9562)
tensor(157.6189),tensor(293.0840),tensor(18.7593),tensor(26.3250)
----- NEW FRAME -----
tensor(482.5665),tensor(330.1172),tensor(29.9576),tensor(44.7292)
tensor(324.3569),tensor(304.0981),tensor(20.8761),tensor(30.9873)
tensor(214.9799),tensor(294.1165),tensor(17.9269),tensor(27.0551)
tensor(3.9392),tensor(276.2032),tensor(7.8783),tensor(16.3666)
tensor(135.4931),tensor(30.9361),tensor(22.7989),tensor(61.8723)
----- NEW FRAME -----
tensor(563.7056),tensor(345.1824),tensor(37.3333),tensor(52.7469)
tensor(366.8334),tensor(308.6039),tensor(21.8488),tensor(32.8558)
tensor(248.5005),tensor(296.1241),tensor(17.5326),tensor(28.3477)
tensor(364.7374),tensor(33.5330),tensor(13.0402),tensor(15.6869)
----- NEW FRAME -----
tensor(412.9340),tensor(315.7092),tensor(23.9685),tensor(36.3450)
tensor(279.1803),tensor(298.5150),tensor(18.5808),tensor(28.9236)
tensor(398.5306),tensor(30.4572),tensor(11.0703),tensor(12.7578)
tensor(164.4976),tensor(285.1132),tensor(13.6433),tensor(21.9099)
----- NEW FRAME -----
tensor(470.2827),tensor(326.4275),tensor(27.8467),tensor(42.2239)
tensor(314.2183),tensor(302.9925),tensor(18.9099),tensor(33.3569)
tensor(433.7787),tensor(25.5146),tensor(11.6010),tensor(11.3032)
tensor(194.4243),tensor(286.3477),tensor(13.2965),tensor(22.3552)
----- NEW FRAME -----
tensor(544.2871),tensor(341.1840),tensor(34.9167),tensor(52.3491)
tensor(352.4159),tensor(308.5272),tensor(21.5337),tensor(35.6390)
tensor(122.1766),tensor(276.8494),tensor(11.9901),tensor(17.4733)
----- NEW FRAME -----
tensor(397.7862),tensor(316.7383),tensor(23.7649),tensor(38.6586)
tensor(632.1221),tensor(365.5392),tensor(15.7559),tensor(51.7144)
tensor(253.3379),tensor(291.9318),tensor(15.4991),tensor(25.0946)
----- NEW FRAME -----
tensor(460.3137),tensor(327.4755),tensor(28.4274),tensor(46.9681)
tensor(291.0055),tensor(296.0924),tensor(16.3670),tensor(25.4933)
----- NEW FRAME -----
tensor(546.4926),tensor(344.7162),tensor(36.4885),tensor(55.0985)
tensor(335.1423),tensor(300.3387),tensor(18.4315),tensor(30.2922)
tensor(12.0816),tensor(284.4706),tensor(24.1632),tensor(27.4767)
----- NEW FRAME -----
tensor(385.4678),tensor(307.2960),tensor(19.4128),tensor(32.1843)
tensor(370.9910),tensor(170.5859),tensor(25.4504),tensor(45.6729)
----- NEW FRAME -----
tensor(440.4844),tensor(315.2303),tensor(25.3730),tensor(37.5717)
tensor(298.8464),tensor(287.8767),tensor(14.4901),tensor(22.2020)
tensor(405.3841),tensor(177.9837),tensor(25.7614),tensor(41.7125)
tensor(69.3905),tensor(288.4151),tensor(19.0277),tensor(32.6188)
----- NEW FRAME -----
tensor(505.1226),tensor(326.2092),tensor(30.9016),tensor(43.6138)
tensor(95.0810),tensor(294.7515),tensor(18.3805),tensor(24.8950)
tensor(334.6094),tensor(292.3710),tensor(16.2199),tensor(19.5797)
----- NEW FRAME -----
tensor(591.2576),tensor(344.6295),tensor(35.3442),tensor(52.2139)
tensor(371.9764),tensor(295.3466),tensor(14.5816),tensor(18.5436)
tensor(117.8072),tensor(298.5771),tensor(19.4784),tensor(26.4858)
----- NEW FRAME -----
tensor(138.2994),tensor(302.4185),tensor(19.6771),tensor(28.1287)
tensor(413.9467),tensor(297.5477),tensor(17.8132),tensor(24.3391)
tensor(526.3113),tensor(137.6823),tensor(18.7622),tensor(17.2514)
----- NEW FRAME -----
tensor(152.1556),tensor(305.7270),tensor(21.5201),tensor(32.0300)
tensor(457.5470),tensor(302.9161),tensor(19.7692),tensor(29.3241)
----- NEW FRAME -----
tensor(143.4473),tensor(311.6733),tensor(24.6624),tensor(36.2788)
tensor(487.4218),tensor(312.0262),tensor(19.2831),tensor(25.9456)
tensor(586.0780),tensor(14.7351),tensor(16.4202),tensor(12.3603)
----- NEW FRAME -----
tensor(119.4411),tensor(321.1409),tensor(30.0854),tensor(43.1243)
tensor(516.4475),tensor(317.6689),tensor(23.2566),tensor(34.2064)
tensor(598.7277),tensor(7.8094),tensor(20.4535),tensor(15.6189)
----- NEW FRAME -----
tensor(79.0056),tensor(337.7979),tensor(35.4068),tensor(50.7355)
tensor(551.4179),tensor(331.0236),tensor(28.8213),tensor(42.5573)
tensor(606.5635),tensor(101.9668),tensor(28.7827),tensor(64.0119)
----- NEW FRAME -----
tensor(607.5327),tensor(347.0127),tensor(37.2581),tensor(58.7864)
tensor(22.1526),tensor(358.4692),tensor(44.3052),tensor(63.8943)
tensor(419.8085),tensor(291.3006),tensor(15.4046),tensor(24.8881)
----- NEW FRAME -----
tensor(431.3590),tensor(296.1072),tensor(17.3081),tensor(27.0567)
tensor(159.6404),tensor(297.7963),tensor(18.2714),tensor(26.9144)
----- NEW FRAME -----
tensor(138.3851),tensor(304.4677),tensor(21.3817),tensor(33.8503)
tensor(380.1075),tensor(280.8579),tensor(12.2831),tensor(19.5154)
tensor(451.4330),tensor(302.1658),tensor(18.7952),tensor(29.9495)
tensor(632.0329),tensor(107.0412),tensor(15.9342),tensor(32.2660)
----- NEW FRAME -----
tensor(474.4092),tensor(312.9665),tensor(24.4879),tensor(35.8494)
tensor(101.3786),tensor(314.2784),tensor(26.6462),tensor(36.7683)
tensor(636.4727),tensor(110.6741),tensor(7.0546),tensor(19.2391)
tensor(385.0530),tensor(283.6790),tensor(12.4855),tensor(21.0762)
----- NEW FRAME -----
tensor(527.2781),tensor(332.9278),tensor(33.0287),tensor(49.8514)
tensor(55.5931),tensor(332.6872),tensor(33.8695),tensor(49.2828)
tensor(402.9766),tensor(290.5414),tensor(14.3204),tensor(26.0885)
----- NEW FRAME -----
tensor(430.0513),tensor(295.9194),tensor(16.8774),tensor(26.0638)
tensor(148.9456),tensor(290.6752),tensor(19.4092),tensor(35.0139)
tensor(620.9363),tensor(369.4959),tensor(38.1274),tensor(68.2289)
tensor(346.9639),tensor(280.3215),tensor(11.4726),tensor(18.1158)
tensor(636.2164),tensor(181.5949),tensor(7.5652),tensor(20.2094)
----- NEW FRAME -----
tensor(460.2889),tensor(301.2685),tensor(19.0797),tensor(29.9598)
tensor(128.3533),tensor(293.2335),tensor(23.9135),tensor(40.7803)
tensor(359.1295),tensor(281.2458),tensor(12.7867),tensor(18.5310)
----- NEW FRAME -----
tensor(84.9314),tensor(307.4497),tensor(25.4528),tensor(35.3495)
tensor(109.5503),tensor(284.4650),tensor(16.8244),tensor(22.7150)
tensor(498.8338),tensor(307.9942),tensor(24.2535),tensor(39.1690)
tensor(369.4261),tensor(283.1061),tensor(14.2144),tensor(21.7498)
----- NEW FRAME -----
tensor(22.5540),tensor(318.1723),tensor(35.6080),tensor(69.8811)
tensor(78.7127),tensor(291.9007),tensor(18.9985),tensor(33.5472)
tensor(554.4423),tensor(326.8453),tensor(35.7441),tensor(54.7014)
tensor(379.8581),tensor(291.7839),tensor(16.6038),tensor(31.5304)
tensor(30.3311),tensor(280.9479),tensor(13.9924),tensor(21.9214)
----- NEW FRAME -----
tensor(392.2350),tensor(299.1237),tensor(18.6414),tensor(30.6718)
tensor(627.6777),tensor(360.9719),tensor(24.6445),tensor(60.4519)
tensor(39.2700),tensor(300.0290),tensor(24.2520),tensor(34.7529)
----- NEW FRAME -----
tensor(403.1653),tensor(309.0249),tensor(21.4214),tensor(37.0485)
----- NEW FRAME -----
tensor(412.8374),tensor(318.8383),tensor(25.1590),tensor(40.9335)
tensor(296.2732),tensor(296.8376),tensor(17.5660),tensor(28.4903)
----- NEW FRAME -----
tensor(428.3453),tensor(330.7403),tensor(29.1726),tensor(48.5356)
tensor(293.7001),tensor(303.3267),tensor(20.3209),tensor(31.1646)
tensor(161.5008),tensor(289.0529),tensor(14.4895),tensor(25.5046)
----- NEW FRAME -----
tensor(446.8600),tensor(346.1501),tensor(34.1779),tensor(54.2614)
tensor(291.2148),tensor(308.5745),tensor(20.7429),tensor(33.8439)
tensor(149.6200),tensor(292.7970),tensor(17.0054),tensor(25.3525)
----- NEW FRAME -----
tensor(288.7364),tensor(313.7343),tensor(22.1963),tensor(36.7565)
tensor(468.8406),tensor(356.6324),tensor(31.8585),tensor(52.1381)
tensor(138.9186),tensor(295.6338),tensor(16.7323),tensor(27.2404)
tensor(36.2859),tensor(288.5834),tensor(15.8494),tensor(22.4218)
----- NEW FRAME -----
tensor(286.6077),tensor(318.8256),tensor(24.4902),tensor(38.7663)
tensor(492.9242),tensor(365.7477),tensor(34.3134),tensor(54.4097)
tensor(128.6294),tensor(298.3291),tensor(18.1928),tensor(28.5967)
tensor(23.7660),tensor(290.7766),tensor(17.0240),tensor(25.0463)
----- NEW FRAME -----
tensor(283.7967),tensor(323.7518),tensor(26.0355),tensor(42.6594)
tensor(120.4797),tensor(299.3339),tensor(18.6650),tensor(29.9532)
tensor(14.0758),tensor(291.9814),tensor(17.9707),tensor(25.1655)
tensor(502.9562),tensor(375.0096),tensor(34.6007),tensor(45.3459)
----- NEW FRAME -----
tensor(281.3928),tensor(325.0815),tensor(26.1605),tensor(43.1932)
tensor(115.7189),tensor(300.5977),tensor(19.4118),tensor(29.8412)
tensor(8.7749),tensor(293.2578),tensor(16.5854),tensor(23.9722)
tensor(522.2208),tensor(394.7203),tensor(40.1592),tensor(76.8269)
tensor(516.9276),tensor(375.6622),tensor(33.3103),tensor(38.7277)
----- NEW FRAME -----
tensor(281.5011),tensor(324.9341),tensor(25.8738),tensor(43.2137)
tensor(8.6434),tensor(292.9767),tensor(16.9061),tensor(24.6600)
tensor(522.1896),tensor(394.1960),tensor(39.9410),tensor(77.7694)
tensor(115.8211),tensor(300.0762),tensor(19.4395),tensor(29.3167)
tensor(516.9875),tensor(375.2566),tensor(34.4107),tensor(39.2557)
----- NEW FRAME -----
tensor(282.6476),tensor(324.8635),tensor(25.5442),tensor(43.1664)
tensor(10.8679),tensor(291.2259),tensor(16.7299),tensor(24.5406)
tensor(118.0990),tensor(300.3926),tensor(19.7827),tensor(28.2367)
tensor(522.7222),tensor(391.1671),tensor(35.5511),tensor(82.8264)
tensor(511.4419),tensor(374.9472),tensor(30.8911),tensor(41.0251)
tensor(514.6992),tensor(380.5095),tensor(37.9694),tensor(52.9113)
----- NEW FRAME -----
tensor(282.7692),tensor(324.0812),tensor(25.5645),tensor(43.4346)
tensor(118.9187),tensor(299.7480),tensor(18.8134),tensor(28.3505)
tensor(11.8360),tensor(290.6664),tensor(16.5881),tensor(24.4172)
tensor(505.4222),tensor(373.3646),tensor(35.3849),tensor(42.4333)
tensor(520.5830),tensor(388.9445),tensor(30.3430),tensor(78.0083)
tensor(509.8058),tensor(389.4412),tensor(39.1099),tensor(74.0969)
----- NEW FRAME -----
tensor(283.1324),tensor(323.7965),tensor(25.8348),tensor(43.4000)
tensor(119.6151),tensor(299.3614),tensor(18.8406),tensor(28.9538)
tensor(12.6536),tensor(290.3807),tensor(16.8662),tensor(23.7721)
tensor(505.5786),tensor(373.2361),tensor(32.7417),tensor(43.9900)
tensor(520.0080),tensor(390.1212),tensor(29.3354),tensor(75.1506)
----- NEW FRAME -----
tensor(282.9670),tensor(323.7469),tensor(25.6824),tensor(43.6139)
tensor(119.3114),tensor(299.4259),tensor(18.9270),tensor(28.7590)
tensor(12.3268),tensor(290.4617),tensor(16.8201),tensor(23.7727)
tensor(506.8111),tensor(373.3829),tensor(32.6470),tensor(44.3212)
tensor(511.0012),tensor(391.2098),tensor(40.2993),tensor(79.4714)
----- NEW FRAME -----
tensor(282.8234),tensor(324.1110),tensor(25.7598),tensor(43.6837)
tensor(118.9232),tensor(299.5339),tensor(19.0048),tensor(28.5802)
tensor(11.6887),tensor(290.4692),tensor(16.8760),tensor(24.2460)
tensor(508.0237),tensor(373.0317),tensor(30.3401),tensor(43.0536)
tensor(510.7372),tensor(377.4055),tensor(38.3372),tensor(50.7042)
----- NEW FRAME -----
tensor(282.7896),tensor(324.1351),tensor(25.8589),tensor(43.6718)
tensor(119.0864),tensor(299.4457),tensor(18.8682),tensor(28.6824)
tensor(11.9930),tensor(290.4826),tensor(16.6435),tensor(24.4012)
tensor(507.1674),tensor(372.8285),tensor(32.2151),tensor(43.6960)
tensor(510.0713),tensor(389.7600),tensor(36.7056),tensor(76.4950)
----- NEW FRAME -----
tensor(282.8879),tensor(324.0181),tensor(25.8180),tensor(43.7167)
tensor(12.1087),tensor(290.8826),tensor(16.7036),tensor(24.1092)
tensor(507.9644),tensor(372.5341),tensor(32.0077),tensor(43.1885)
tensor(119.0877),tensor(299.2762),tensor(18.4394),tensor(28.4795)
tensor(516.4579),tensor(390.2555),tensor(41.0147),tensor(80.4047)
----- NEW FRAME -----
tensor(282.8717),tensor(324.0030),tensor(25.7953),tensor(43.7026)
tensor(12.1026),tensor(290.8525),tensor(16.7132),tensor(24.0770)
tensor(508.0867),tensor(372.4532),tensor(31.6913),tensor(43.0750)
tensor(119.0863),tensor(299.2474),tensor(18.4873),tensor(28.4929)
tensor(510.7987),tensor(377.1810),tensor(37.5440),tensor(52.2195)
----- NEW FRAME -----
tensor(282.8656),tensor(324.0076),tensor(25.8223),tensor(43.7352)
tensor(12.0679),tensor(290.8082),tensor(16.5446),tensor(24.0376)
tensor(507.8110),tensor(372.4442),tensor(31.1793),tensor(43.1573)
tensor(119.0733),tensor(299.2568),tensor(18.5164),tensor(28.5019)
----- NEW FRAME -----
tensor(282.8600),tensor(324.0410),tensor(25.7789),tensor(43.7395)
tensor(12.0705),tensor(290.8300),tensor(16.6695),tensor(24.2704)
tensor(506.8724),tensor(372.8530),tensor(32.2660),tensor(42.9014)
tensor(119.0710),tensor(299.2139),tensor(18.4900),tensor(28.4285)
----- NEW FRAME -----
tensor(282.8502),tensor(324.0681),tensor(26.0209),tensor(43.6342)
tensor(12.0831),tensor(290.8025),tensor(16.6732),tensor(24.1990)
tensor(119.0657),tensor(299.2171),tensor(18.4221),tensor(28.3601)
tensor(506.6583),tensor(373.0167),tensor(34.7504),tensor(42.3416)
tensor(509.5954),tensor(390.1421),tensor(38.2795),tensor(76.2776)
----- NEW FRAME -----
tensor(282.7990),tensor(324.0138),tensor(25.9797),tensor(43.6348)
tensor(12.0657),tensor(290.7809),tensor(16.6026),tensor(24.0748)
tensor(119.0494),tensor(299.2299),tensor(18.3866),tensor(28.3917)
tensor(506.2108),tensor(372.9776),tensor(34.9628),tensor(42.2424)
----- NEW FRAME -----
tensor(282.8051),tensor(324.0193),tensor(25.9796),tensor(43.6942)
tensor(12.0865),tensor(290.8197),tensor(16.6166),tensor(24.1869)
tensor(119.0593),tensor(299.2971),tensor(18.4171),tensor(28.3560)
tensor(506.4791),tensor(372.9807),tensor(34.2812),tensor(42.2198)
----- NEW FRAME -----
tensor(282.8642),tensor(323.9759),tensor(25.8469),tensor(43.6149)
tensor(12.1003),tensor(290.8320),tensor(16.7216),tensor(24.2128)
tensor(119.0575),tensor(299.2993),tensor(18.4587),tensor(28.2980)
tensor(507.3008),tensor(372.8571),tensor(32.6154),tensor(41.6321)
tensor(511.4304),tensor(391.7100),tensor(40.8351),tensor(78.7802)
